# UNVERIFIED - awaiting spot-check. Hand-collected from earnings releases (SEC 8-K EX-99.1); each row's source_url
# was opened when collected and `note` quotes the figure. Missing quarters are absent, never interpolated.
quarter,entity,metric,value,unit,source_url,note
2015Q1,AMT,sites_constructed_total,644.0,sites,https://www.sec.gov/Archives/edgar/data/1053507/000119312515158770/d918803dex991.htm,"Tower Count table (start, Constructed, Acquired, Adj, end): ""Total 75,164 644 11,481 (92) 87,197"""
2015Q2,AMT,sites_constructed_total,923.0,sites,https://www.sec.gov/Archives/edgar/data/1053507/000119312515267021/d99132dex991.htm,"Tower Count table (start, Constructed, Acquired, Adj, end): ""Total 87,197 923 4,192 (37) 92,275"""
2015Q3,AMT,sites_constructed_total,759.0,sites,https://www.sec.gov/Archives/edgar/data/1053507/000162828015007979/pressreleaseq32015.htm,"Tower Count table (start, Constructed, Acquired, Adj, end): ""Total 92,275 759 6,211 (110 ) 99,135"""
2018Q2,AMT,sites_constructed_total,427.0,sites,https://americantower.gcs-web.com/static-files/14c955c3-5f61-4a8f-8d02-f947785a203f,"(supp. 2020Q2) Historical Tower Count p12, Total ""New Builds"", col 2Q18: ""427"""
2018Q3,AMT,sites_constructed_total,675.0,sites,https://americantower.gcs-web.com/static-files/14c955c3-5f61-4a8f-8d02-f947785a203f,"(supp. 2020Q2) Historical Tower Count p12, Total ""New Builds"", col 3Q18: ""675"""
2018Q4,AMT,sites_constructed_total,934.0,sites,https://americantower.gcs-web.com/static-files/14c955c3-5f61-4a8f-8d02-f947785a203f,"(supp. 2020Q2) Historical Tower Count p12, Total ""New Builds"", col 4Q18: ""934"""
2019Q1,AMT,sites_constructed_total,707.0,sites,https://americantower.gcs-web.com/static-files/14c955c3-5f61-4a8f-8d02-f947785a203f,"(supp. 2020Q2) Historical Tower Count p12, Total ""New Builds"", col 1Q19: ""707"""
2019Q2,AMT,sites_constructed_total,1082.0,sites,https://americantower.gcs-web.com/static-files/14c955c3-5f61-4a8f-8d02-f947785a203f,"(supp. 2020Q2) Historical Tower Count p12, Total ""New Builds"", col 2Q19: ""1,082"""
2019Q3,AMT,sites_constructed_total,1268.0,sites,https://americantower.gcs-web.com/static-files/14c955c3-5f61-4a8f-8d02-f947785a203f,"(supp. 2020Q2) Historical Tower Count p12, Total ""New Builds"", col 3Q19: ""1,268"""
2019Q4,AMT,sites_constructed_total,1357.0,sites,https://americantower.gcs-web.com/static-files/14c955c3-5f61-4a8f-8d02-f947785a203f,"(supp. 2020Q2) Historical Tower Count p12, Total ""New Builds"", col 4Q19: ""1,357"""
2020Q1,AMT,sites_constructed_total,993.0,sites,https://americantower.gcs-web.com/static-files/14c955c3-5f61-4a8f-8d02-f947785a203f,"(supp. 2020Q2) Historical Tower Count p12, Total ""New Builds"", col 1Q20: ""993"""
2020Q2,AMT,sites_constructed_total,517.0,sites,https://americantower.gcs-web.com/static-files/14c955c3-5f61-4a8f-8d02-f947785a203f,"Historical Tower Count p12, Total ""New Builds"", col 2Q20: ""517"""
2020Q3,AMT,sites_constructed_total,1455.0,sites,https://americantower.gcs-web.com/static-files/f9a2366a-28f5-4989-8813-47c4890271e8,"(supp. 2020Q4) Historical Tower Count p12, Total ""New Builds"", col 3Q20: ""1,455"""
2020Q4,AMT,sites_constructed_total,2887.0,sites,https://americantower.gcs-web.com/static-files/f9a2366a-28f5-4989-8813-47c4890271e8,"Historical Tower Count p12, Total ""New Builds"", col 4Q20: ""2,887"""
2021Q1,AMT,sites_constructed_total,1961.0,sites,https://americantower.gcs-web.com/static-files/410d35e5-854a-4848-b4d2-9a4d2a7ddad7,"(supp. 2021Q3) Historical Tower Count p12, Total ""New Builds"", col 1Q21: ""1,961"""
2021Q2,AMT,sites_constructed_total,1040.0,sites,https://americantower.gcs-web.com/static-files/410d35e5-854a-4848-b4d2-9a4d2a7ddad7,"(supp. 2021Q3) Historical Tower Count p12, Total ""New Builds"", col 2Q21: ""1,040"""
2021Q3,AMT,sites_constructed_total,1448.0,sites,https://americantower.gcs-web.com/static-files/410d35e5-854a-4848-b4d2-9a4d2a7ddad7,"Historical Tower Count p12, Total ""New Builds"", col 3Q21: ""1,448"""
2021Q4,AMT,sites_constructed_total,1870.0,sites,https://americantower.gcs-web.com/static-files/33cde6d3-b07f-4119-a50b-6ca17757aed8,"(supp. 2023Q4) Historical Tower Count p12, Total ""New Builds"", col 4Q21: ""1,870"""
2022Q1,AMT,sites_constructed_total,1437.0,sites,https://americantower.gcs-web.com/static-files/33cde6d3-b07f-4119-a50b-6ca17757aed8,"(supp. 2023Q4) Historical Tower Count p12, Total ""New Builds"", col 1Q22: ""1,437"""
2022Q2,AMT,sites_constructed_total,1514.0,sites,https://americantower.gcs-web.com/static-files/33cde6d3-b07f-4119-a50b-6ca17757aed8,"(supp. 2023Q4) Historical Tower Count p12, Total ""New Builds"", col 2Q22: ""1,514"""
2022Q3,AMT,sites_constructed_total,1578.0,sites,https://americantower.gcs-web.com/static-files/33cde6d3-b07f-4119-a50b-6ca17757aed8,"(supp. 2023Q4) Historical Tower Count p12, Total ""New Builds"", col 3Q22: ""1,578"""
2022Q4,AMT,sites_constructed_total,2342.0,sites,https://americantower.gcs-web.com/static-files/33cde6d3-b07f-4119-a50b-6ca17757aed8,"(supp. 2023Q4) Historical Tower Count p12, Total ""New Builds"", col 4Q22: ""2,342"""
2023Q1,AMT,sites_constructed_total,1330.0,sites,https://americantower.gcs-web.com/static-files/33cde6d3-b07f-4119-a50b-6ca17757aed8,"(supp. 2023Q4) Historical Tower Count p12, Total ""New Builds"", col 1Q23: ""1,330"""
2023Q2,AMT,sites_constructed_total,565.0,sites,https://americantower.gcs-web.com/static-files/33cde6d3-b07f-4119-a50b-6ca17757aed8,"(supp. 2023Q4) Historical Tower Count p12, Total ""New Builds"", col 2Q23: ""565"""
2023Q3,AMT,sites_constructed_total,505.0,sites,https://americantower.gcs-web.com/static-files/33cde6d3-b07f-4119-a50b-6ca17757aed8,"(supp. 2023Q4) Historical Tower Count p12, Total ""New Builds"", col 3Q23: ""505"""
2023Q4,AMT,sites_constructed_total,779.0,sites,https://americantower.gcs-web.com/static-files/33cde6d3-b07f-4119-a50b-6ca17757aed8,"Historical Tower Count p12, Total ""New Builds"", col 4Q23: ""779"""
2024Q1,AMT,sites_constructed_total,356.0,sites,https://americantower.gcs-web.com/static-files/aa69b7a2-9378-44f3-8759-e552c875a182,"(supp. 2024Q2) Historical Tower Count p12, Total ""New Builds"", col 1Q24: ""356"""
2024Q2,AMT,sites_constructed_total,620.0,sites,https://americantower.gcs-web.com/static-files/aa69b7a2-9378-44f3-8759-e552c875a182,"Historical Tower Count p12, Total ""New Builds"", col 2Q24: ""620"""
2024Q3,AMT,sites_constructed_total_ex_india,494.0,sites,https://americantower.gcs-web.com/static-files/52c918f3-5f64-497d-af15-f1a03ec7d6c1,"Historical Tower Count p12, Total ""New Builds"", col 3Q24: ""494"""
2024Q4,AMT,sites_constructed_total_ex_india,966.0,sites,https://americantower.gcs-web.com/static-files/6a0317cd-357d-4793-81df-c5320fcfbd47,"(supp. 2025Q3) Historical Tower Count p12, Total ""New Builds"", col 4Q24: ""966"""
2025Q1,AMT,sites_constructed_total_ex_india,449.0,sites,https://americantower.gcs-web.com/static-files/6a0317cd-357d-4793-81df-c5320fcfbd47,"(supp. 2025Q3) Historical Tower Count p12, Total ""New Builds"", col 1Q25: ""449"""
2025Q2,AMT,sites_constructed_total_ex_india,366.0,sites,https://americantower.gcs-web.com/static-files/6a0317cd-357d-4793-81df-c5320fcfbd47,"(supp. 2025Q3) Historical Tower Count p12, Total ""New Builds"", col 2Q25: ""366"""
2025Q3,AMT,sites_constructed_total_ex_india,490.0,sites,https://americantower.gcs-web.com/static-files/6a0317cd-357d-4793-81df-c5320fcfbd47,"Historical Tower Count p12, Total ""New Builds"", col 3Q25: ""490"""
2025Q4,AMT,sites_constructed_total_ex_india,598.0,sites,https://americantower.gcs-web.com/static-files/850d3d82-4b86-4f49-bb01-569cf7e126cb,"(supp. 2026Q2) Historical Tower Count p12, Total ""New Builds"", col 4Q25: ""598"""
2026Q1,AMT,sites_constructed_total_ex_india,325.0,sites,https://americantower.gcs-web.com/static-files/850d3d82-4b86-4f49-bb01-569cf7e126cb,"(supp. 2026Q2) Historical Tower Count p12, Total ""New Builds"", col 1Q26: ""325"""
2026Q2,AMT,sites_constructed_total_ex_india,428.0,sites,https://americantower.gcs-web.com/static-files/850d3d82-4b86-4f49-bb01-569cf7e126cb,"Historical Tower Count p12, Total ""New Builds"", col 2Q26: ""428"""
2015Q1,AMT,sites_constructed_usc,23.0,sites,https://www.sec.gov/Archives/edgar/data/1053507/000119312515158770/d918803dex991.htm,"segment: United States; Tower Count (start, Constructed, ...): ""United States 28,566 23 11,475 (16) 40,048"""
2015Q2,AMT,sites_constructed_usc,12.0,sites,https://www.sec.gov/Archives/edgar/data/1053507/000119312515267021/d99132dex991.htm,"segment: United States; Tower Count (start, Constructed, ...): ""United States 40,048 12 4 — 40,064"""
2015Q3,AMT,sites_constructed_usc,22.0,sites,https://www.sec.gov/Archives/edgar/data/1053507/000162828015007979/pressreleaseq32015.htm,"segment: United States; Tower Count (start, Constructed, ...): ""United States 40,064 22 5 (25 ) 40,066"""
2018Q2,AMT,sites_constructed_usc,3.0,sites,https://americantower.gcs-web.com/static-files/14c955c3-5f61-4a8f-8d02-f947785a203f,"segment: U.S.; (supp. 2020Q2) Historical Tower Count p12, U.S. ""New Builds"", col 2Q18: ""3"""
2018Q3,AMT,sites_constructed_usc,3.0,sites,https://americantower.gcs-web.com/static-files/14c955c3-5f61-4a8f-8d02-f947785a203f,"segment: U.S.; (supp. 2020Q2) Historical Tower Count p12, U.S. ""New Builds"", col 3Q18: ""3"""
2018Q4,AMT,sites_constructed_usc,10.0,sites,https://americantower.gcs-web.com/static-files/14c955c3-5f61-4a8f-8d02-f947785a203f,"segment: U.S.; (supp. 2020Q2) Historical Tower Count p12, U.S. ""New Builds"", col 4Q18: ""10"""
2019Q1,AMT,sites_constructed_usc,0.0,sites,https://americantower.gcs-web.com/static-files/14c955c3-5f61-4a8f-8d02-f947785a203f,"segment: U.S.; (supp. 2020Q2) Historical Tower Count p12, U.S. ""New Builds"", col 1Q19: ""-"""
2019Q2,AMT,sites_constructed_usc,1.0,sites,https://americantower.gcs-web.com/static-files/14c955c3-5f61-4a8f-8d02-f947785a203f,"segment: U.S.; (supp. 2020Q2) Historical Tower Count p12, U.S. ""New Builds"", col 2Q19: ""1"""
2019Q3,AMT,sites_constructed_usc,1.0,sites,https://americantower.gcs-web.com/static-files/14c955c3-5f61-4a8f-8d02-f947785a203f,"segment: U.S.; (supp. 2020Q2) Historical Tower Count p12, U.S. ""New Builds"", col 3Q19: ""1"""
2019Q4,AMT,sites_constructed_usc,5.0,sites,https://americantower.gcs-web.com/static-files/14c955c3-5f61-4a8f-8d02-f947785a203f,"segment: U.S.; (supp. 2020Q2) Historical Tower Count p12, U.S. ""New Builds"", col 4Q19: ""5"""
2020Q1,AMT,sites_constructed_usc,4.0,sites,https://americantower.gcs-web.com/static-files/14c955c3-5f61-4a8f-8d02-f947785a203f,"segment: U.S.; (supp. 2020Q2) Historical Tower Count p12, U.S. ""New Builds"", col 1Q20: ""4"""
2020Q2,AMT,sites_constructed_usc,1.0,sites,https://americantower.gcs-web.com/static-files/14c955c3-5f61-4a8f-8d02-f947785a203f,"segment: U.S.; Historical Tower Count p12, U.S. ""New Builds"", col 2Q20: ""1"""
2020Q3,AMT,sites_constructed_usc,7.0,sites,https://americantower.gcs-web.com/static-files/f9a2366a-28f5-4989-8813-47c4890271e8,"segment: U.S. & Canada; (supp. 2020Q4) Historical Tower Count p12, U.S. & Canada ""New Builds"", col 3Q20: ""7"""
2020Q4,AMT,sites_constructed_usc,8.0,sites,https://americantower.gcs-web.com/static-files/f9a2366a-28f5-4989-8813-47c4890271e8,"segment: U.S. & Canada; Historical Tower Count p12, U.S. & Canada ""New Builds"", col 4Q20: ""8"""
2021Q1,AMT,sites_constructed_usc,0.0,sites,https://americantower.gcs-web.com/static-files/410d35e5-854a-4848-b4d2-9a4d2a7ddad7,"segment: U.S. & Canada; (supp. 2021Q3) Historical Tower Count p12, U.S. & Canada ""New Builds"", col 1Q21: ""-"""
2021Q2,AMT,sites_constructed_usc,2.0,sites,https://americantower.gcs-web.com/static-files/410d35e5-854a-4848-b4d2-9a4d2a7ddad7,"segment: U.S. & Canada; (supp. 2021Q3) Historical Tower Count p12, U.S. & Canada ""New Builds"", col 2Q21: ""2"""
2021Q3,AMT,sites_constructed_usc,2.0,sites,https://americantower.gcs-web.com/static-files/410d35e5-854a-4848-b4d2-9a4d2a7ddad7,"segment: U.S. & Canada; Historical Tower Count p12, U.S. & Canada ""New Builds"", col 3Q21: ""2"""
2021Q4,AMT,sites_constructed_usc,7.0,sites,https://americantower.gcs-web.com/static-files/33cde6d3-b07f-4119-a50b-6ca17757aed8,"segment: U.S. & Canada; (supp. 2023Q4) Historical Tower Count p12, U.S. & Canada ""New Builds"", col 4Q21: ""7"""
2022Q1,AMT,sites_constructed_usc,0.0,sites,https://americantower.gcs-web.com/static-files/33cde6d3-b07f-4119-a50b-6ca17757aed8,"segment: U.S. & Canada; (supp. 2023Q4) Historical Tower Count p12, U.S. & Canada ""New Builds"", col 1Q22: ""-"""
2022Q2,AMT,sites_constructed_usc,3.0,sites,https://americantower.gcs-web.com/static-files/33cde6d3-b07f-4119-a50b-6ca17757aed8,"segment: U.S. & Canada; (supp. 2023Q4) Historical Tower Count p12, U.S. & Canada ""New Builds"", col 2Q22: ""3"""
2022Q3,AMT,sites_constructed_usc,2.0,sites,https://americantower.gcs-web.com/static-files/33cde6d3-b07f-4119-a50b-6ca17757aed8,"segment: U.S. & Canada; (supp. 2023Q4) Historical Tower Count p12, U.S. & Canada ""New Builds"", col 3Q22: ""2"""
2022Q4,AMT,sites_constructed_usc,4.0,sites,https://americantower.gcs-web.com/static-files/33cde6d3-b07f-4119-a50b-6ca17757aed8,"segment: U.S. & Canada; (supp. 2023Q4) Historical Tower Count p12, U.S. & Canada ""New Builds"", col 4Q22: ""4"""
2023Q1,AMT,sites_constructed_usc,2.0,sites,https://americantower.gcs-web.com/static-files/33cde6d3-b07f-4119-a50b-6ca17757aed8,"segment: U.S. & Canada; (supp. 2023Q4) Historical Tower Count p12, U.S. & Canada ""New Builds"", col 1Q23: ""2"""
2023Q2,AMT,sites_constructed_usc,3.0,sites,https://americantower.gcs-web.com/static-files/33cde6d3-b07f-4119-a50b-6ca17757aed8,"segment: U.S. & Canada; (supp. 2023Q4) Historical Tower Count p12, U.S. & Canada ""New Builds"", col 2Q23: ""3"""
2023Q3,AMT,sites_constructed_usc,1.0,sites,https://americantower.gcs-web.com/static-files/33cde6d3-b07f-4119-a50b-6ca17757aed8,"segment: U.S. & Canada; (supp. 2023Q4) Historical Tower Count p12, U.S. & Canada ""New Builds"", col 3Q23: ""1"""
2023Q4,AMT,sites_constructed_usc,5.0,sites,https://americantower.gcs-web.com/static-files/33cde6d3-b07f-4119-a50b-6ca17757aed8,"segment: U.S. & Canada; Historical Tower Count p12, U.S. & Canada ""New Builds"", col 4Q23: ""5"""
2024Q1,AMT,sites_constructed_usc,1.0,sites,https://americantower.gcs-web.com/static-files/aa69b7a2-9378-44f3-8759-e552c875a182,"segment: U.S. & Canada; (supp. 2024Q2) Historical Tower Count p12, U.S. & Canada ""New Builds"", col 1Q24: ""1"""
2024Q2,AMT,sites_constructed_usc,1.0,sites,https://americantower.gcs-web.com/static-files/aa69b7a2-9378-44f3-8759-e552c875a182,"segment: U.S. & Canada; Historical Tower Count p12, U.S. & Canada ""New Builds"", col 2Q24: ""1"""
2024Q3,AMT,sites_constructed_usc,1.0,sites,https://americantower.gcs-web.com/static-files/52c918f3-5f64-497d-af15-f1a03ec7d6c1,"segment: U.S. & Canada; Historical Tower Count p12, U.S. & Canada ""New Builds"", col 3Q24: ""1"""
2024Q4,AMT,sites_constructed_usc,0.0,sites,https://americantower.gcs-web.com/static-files/6a0317cd-357d-4793-81df-c5320fcfbd47,"segment: U.S. & Canada; (supp. 2025Q3) Historical Tower Count p12, U.S. & Canada ""New Builds"", col 4Q24: ""-"""
2025Q1,AMT,sites_constructed_usc,0.0,sites,https://americantower.gcs-web.com/static-files/6a0317cd-357d-4793-81df-c5320fcfbd47,"segment: U.S. & Canada; (supp. 2025Q3) Historical Tower Count p12, U.S. & Canada ""New Builds"", col 1Q25: ""-"""
2025Q2,AMT,sites_constructed_usc,0.0,sites,https://americantower.gcs-web.com/static-files/6a0317cd-357d-4793-81df-c5320fcfbd47,"segment: U.S. & Canada; (supp. 2025Q3) Historical Tower Count p12, U.S. & Canada ""New Builds"", col 2Q25: ""-"""
2025Q3,AMT,sites_constructed_usc,2.0,sites,https://americantower.gcs-web.com/static-files/6a0317cd-357d-4793-81df-c5320fcfbd47,"segment: U.S. & Canada; Historical Tower Count p12, U.S. & Canada ""New Builds"", col 3Q25: ""2"""
2025Q4,AMT,sites_constructed_usc,2.0,sites,https://americantower.gcs-web.com/static-files/850d3d82-4b86-4f49-bb01-569cf7e126cb,"segment: U.S. & Canada; (supp. 2026Q2) Historical Tower Count p12, U.S. & Canada ""New Builds"", col 4Q25: ""2"""
2026Q1,AMT,sites_constructed_usc,0.0,sites,https://americantower.gcs-web.com/static-files/850d3d82-4b86-4f49-bb01-569cf7e126cb,"segment: U.S. & Canada; (supp. 2026Q2) Historical Tower Count p12, U.S. & Canada ""New Builds"", col 1Q26: ""-"""
2026Q2,AMT,sites_constructed_usc,0.0,sites,https://americantower.gcs-web.com/static-files/850d3d82-4b86-4f49-bb01-569cf7e126cb,"segment: U.S. & Canada; Historical Tower Count p12, U.S. & Canada ""New Builds"", col 2Q26: ""-"""
2015Q3,AMT,total_organic_tenant_billings_growth_pct,8.1,pct,https://www.sec.gov/Archives/edgar/data/1053507/000105350716000054/pressreleaseq32016.htm,"prior-yr comparative: Total Property (last col) 3M ended Sep 30, 2015: ""Organic Tenant Billings Growth ... 12.5 % 8.1 %"""
2015Q4,AMT,total_organic_tenant_billings_growth_pct,8.1,pct,https://www.sec.gov/Archives/edgar/data/1053507/000105350717000007/pressreleaseq42016.htm,"prior-yr comparative: Total Property (last col) 3M ended Dec 31, 2015: ""Organic Tenant Billings Growth ... 13.2 % 8.1 %"""
2016Q1,AMT,total_organic_tenant_billings_growth_pct,8.1,pct,https://www.sec.gov/Archives/edgar/data/1053507/000105350717000029/pressreleaseq12017.htm,"prior-yr comparative: Total Property (last col) 3M ended Mar 31, 2016: ""Organic Tenant Billings Growth ... 14.0 % 8.1 %"""
2016Q2,AMT,total_organic_tenant_billings_growth_pct,7.7,pct,https://www.sec.gov/Archives/edgar/data/1053507/000105350716000045/pressreleaseq22016.htm,Organic Tenant Billings Growth (2) $ 76 7.7 %
2016Q3,AMT,total_organic_tenant_billings_growth_pct,7.7,pct,https://www.sec.gov/Archives/edgar/data/1053507/000105350716000054/pressreleaseq32016.htm,Organic Tenant Billings Growth $ 78 7.7 %
2016Q4,AMT,total_organic_tenant_billings_growth_pct,7.8,pct,https://www.sec.gov/Archives/edgar/data/1053507/000105350717000007/pressreleaseq42016.htm,Organic Tenant Billings Growth $ 81 7.8 %
2017Q1,AMT,total_organic_tenant_billings_growth_pct,8.6,pct,https://www.sec.gov/Archives/edgar/data/1053507/000105350717000029/pressreleaseq12017.htm,Organic Tenant Billings Growth $ 90 8.6 %
2017Q2,AMT,total_organic_tenant_billings_growth_pct,7.6,pct,https://www.sec.gov/Archives/edgar/data/1053507/000105350717000042/pressreleaseq22017.htm,Organic Tenant Billings Growth $ 89 7.6 %
2017Q3,AMT,total_organic_tenant_billings_growth_pct,7.4,pct,https://www.sec.gov/Archives/edgar/data/1053507/000105350717000054/pressreleaseq32017.htm,Organic Tenant Billings Growth $ 90 7.4 %
2017Q4,AMT,total_organic_tenant_billings_growth_pct,6.2,pct,https://www.sec.gov/Archives/edgar/data/1053507/000105350718000004/pressreleaseq42017.htm,Organic Tenant Billings Growth $ 77 6.2 %
2018Q1,AMT,total_organic_tenant_billings_growth_pct,5.8,pct,https://www.sec.gov/Archives/edgar/data/1053507/000105350718000020/pressreleaseq12018.htm,Organic Tenant Billings Growth $ 75 5.8 %
2018Q2,AMT,total_organic_tenant_billings_growth_pct,5.7,pct,https://www.sec.gov/Archives/edgar/data/1053507/000105350718000035/pressreleaseq22018.htm,Organic Tenant Billings Growth $ 76 5.7 %
2018Q3,AMT,total_organic_tenant_billings_growth_pct,5.3,pct,https://www.sec.gov/Archives/edgar/data/1053507/000105350718000047/pressreleaseq32018.htm,Organic Tenant Billings Growth $ 72 5.3 %
2018Q4,AMT,total_organic_tenant_billings_growth_pct,3.9,pct,https://www.sec.gov/Archives/edgar/data/1053507/000105350719000010/pressreleaseq42018.htm,Organic Tenant Billings Growth $ 52 3.9 %
2019Q1,AMT,total_organic_tenant_billings_growth_pct,3.5,pct,https://www.sec.gov/Archives/edgar/data/1053507/000105350719000071/pressreleaseq12019.htm,Organic Tenant Billings Growth $ 50 3.5 %
2019Q2,AMT,total_organic_tenant_billings_growth_pct,3.4,pct,https://www.sec.gov/Archives/edgar/data/1053507/000105350719000101/pressreleaseq22019.htm,Organic Tenant Billings Growth $ 49 3.4 %
2019Q3,AMT,total_organic_tenant_billings_growth_pct,3.7,pct,https://www.sec.gov/Archives/edgar/data/1053507/000105350719000131/pressreleaseq32019.htm,Organic Tenant Billings Growth $ 53 3.7 %
2019Q4,AMT,total_organic_tenant_billings_growth_pct,5.1,pct,https://www.sec.gov/Archives/edgar/data/1053507/000105350720000025/pressreleaseq42019.htm,Organic Tenant Billings Growth $ 72 5.1 %
2020Q1,AMT,total_organic_tenant_billings_growth_pct,5.4,pct,https://www.sec.gov/Archives/edgar/data/1053507/000105350720000091/pressreleaseq12020.htm,Organic Tenant Billings Growth $ 79 5.4 %
2020Q2,AMT,total_organic_tenant_billings_growth_pct,5.0,pct,https://www.sec.gov/Archives/edgar/data/1053507/000105350720000126/pressreleaseq22020.htm,Organic Tenant Billings Growth $ 73 5.0 %
2020Q3,AMT,total_organic_tenant_billings_growth_pct,4.4,pct,https://www.sec.gov/Archives/edgar/data/1053507/000105350720000157/pressreleaseq32020.htm,Organic Tenant Billings Growth $ 66 4.4 %
2020Q4,AMT,total_organic_tenant_billings_growth_pct,4.4,pct,https://www.sec.gov/Archives/edgar/data/1053507/000105350721000023/pressreleaseq42020.htm,Organic Tenant Billings Growth $ 67 4.4 %
2021Q1,AMT,total_organic_tenant_billings_growth_pct,4.1,pct,https://www.sec.gov/Archives/edgar/data/1053507/000105350721000082/pressreleaseq12021.htm,Organic Tenant Billings Growth $ 64 4.1 %
2021Q2,AMT,total_organic_tenant_billings_growth_pct,4.8,pct,https://www.sec.gov/Archives/edgar/data/1053507/000105350721000127/pressreleaseq22021.htm,Organic Tenant Billings Growth $ 74 4.8 %
2021Q3,AMT,total_organic_tenant_billings_growth_pct,4.9,pct,https://www.sec.gov/Archives/edgar/data/1053507/000105350721000156/pressreleaseq32021.htm,Organic Tenant Billings Growth $ 76 4.9 %
2021Q4,AMT,total_organic_tenant_billings_growth_pct,1.7,pct,https://www.sec.gov/Archives/edgar/data/1053507/000105350722000013/pressreleaseq42021.htm,Organic Tenant Billings Growth $ 27 1.7 %
2022Q1,AMT,total_organic_tenant_billings_growth_pct,3.0,pct,https://www.sec.gov/Archives/edgar/data/1053507/000105350722000065/pressreleaseq12022.htm,Organic Tenant Billings Growth $ 50 3.0 %
2022Q2,AMT,total_organic_tenant_billings_growth_pct,2.6,pct,https://www.sec.gov/Archives/edgar/data/1053507/000105350722000096/pressreleaseq22022.htm,Organic Tenant Billings Growth $ 45 2.6 %
2022Q3,AMT,total_organic_tenant_billings_growth_pct,2.6,pct,https://www.sec.gov/Archives/edgar/data/1053507/000105350722000115/pressreleaseq32022.htm,Organic Tenant Billings Growth $ 47 2.6 %
2022Q4,AMT,total_organic_tenant_billings_growth_pct,4.7,pct,https://www.sec.gov/Archives/edgar/data/1053507/000105350723000021/pressreleaseq42022.htm,Organic Tenant Billings Growth $ 84 4.7 %
2023Q1,AMT,total_organic_tenant_billings_growth_pct,6.4,pct,https://www.sec.gov/Archives/edgar/data/1053507/000105350723000112/pressreleaseq12023.htm,Organic Tenant Billings Growth $ 117 6.4 %
2023Q2,AMT,total_organic_tenant_billings_growth_pct,6.2,pct,https://www.sec.gov/Archives/edgar/data/1053507/000105350723000140/pressreleaseq22023.htm,Organic Tenant Billings Growth $ 115 6.2 %
2023Q3,AMT,total_organic_tenant_billings_growth_pct,6.3,pct,https://www.sec.gov/Archives/edgar/data/1053507/000105350723000158/pressreleaseq32023.htm,Organic Tenant Billings Growth $ 116 6.3 %
2023Q4,AMT,total_organic_tenant_billings_growth_pct,6.1,pct,https://www.sec.gov/Archives/edgar/data/1053507/000105350724000009/pressreleaseq42023.htm,Organic Tenant Billings Growth $ 112 6.1 %
2024Q1,AMT,total_organic_tenant_billings_growth_pct,5.4,pct,https://www.sec.gov/Archives/edgar/data/1053507/000105350724000081/pressreleaseq12024.htm,Organic Tenant Billings Growth $ 104 5.4 %
2024Q2,AMT,total_organic_tenant_billings_growth_pct,5.3,pct,https://www.sec.gov/Archives/edgar/data/1053507/000105350724000103/pressreleaseq22024.htm,Organic Tenant Billings Growth $ 103 5.3 %
2024Q3,AMT,total_organic_tenant_billings_growth_pct,5.2,pct,https://www.sec.gov/Archives/edgar/data/1053507/000105350724000128/pressreleaseq32024.htm,Organic Tenant Billings Growth $ 94 5.2 %
2024Q4,AMT,total_organic_tenant_billings_growth_pct,5.0,pct,https://www.sec.gov/Archives/edgar/data/1053507/000105350725000022/pressreleaseq42024.htm,Organic Tenant Billings Growth $ 90 5.0 %
2025Q1,AMT,total_organic_tenant_billings_growth_pct,4.7,pct,https://www.sec.gov/Archives/edgar/data/1053507/000105350725000100/pressreleaseq12025.htm,Organic Tenant Billings Growth $ 87 4.7 %
2025Q2,AMT,total_organic_tenant_billings_growth_pct,4.7,pct,https://www.sec.gov/Archives/edgar/data/1053507/000105350725000117/pressreleaseq22025.htm,Organic Tenant Billings Growth $ 87 4.7 %
2025Q3,AMT,total_organic_tenant_billings_growth_pct,5.0,pct,https://www.sec.gov/Archives/edgar/data/1053507/000105350725000147/pressreleaseq32025.htm,Organic Tenant Billings Growth $ 92 5.0 %
2025Q4,AMT,total_organic_tenant_billings_growth_pct,5.9,pct,https://www.sec.gov/Archives/edgar/data/1053507/000105350726000032/pressreleaseq42025.htm,Organic Tenant Billings Growth $ 109 5.9 %
2026Q1,AMT,total_organic_tenant_billings_growth_pct,1.7,pct,https://www.sec.gov/Archives/edgar/data/1053507/000105350726000094/pressreleaseq12026.htm,Organic Tenant Billings Growth $ 32 1.7 %
2026Q2,AMT,total_organic_tenant_billings_growth_pct,1.7,pct,https://www.sec.gov/Archives/edgar/data/1053507/000105350726000131/pressreleaseq22026.htm,Organic Tenant Billings Growth $ 34 1.7 %
2015Q3,AMT,usc_organic_tenant_billings_growth_pct,6.3,pct,https://www.sec.gov/Archives/edgar/data/1053507/000105350716000054/pressreleaseq32016.htm,"prior-yr comparative: segment: U.S. (1st col), 3M ended Sep 30, 2015: ""Organic Tenant Billings Growth 6.3 %"""
2015Q4,AMT,usc_organic_tenant_billings_growth_pct,6.1,pct,https://www.sec.gov/Archives/edgar/data/1053507/000105350717000007/pressreleaseq42016.htm,"prior-yr comparative: segment: U.S. (1st col), 3M ended Dec 31, 2015: ""Organic Tenant Billings Growth 6.1 %"""
2016Q1,AMT,usc_organic_tenant_billings_growth_pct,5.9,pct,https://www.sec.gov/Archives/edgar/data/1053507/000105350717000029/pressreleaseq12017.htm,"prior-yr comparative: segment: U.S. (1st col), 3M ended Mar 31, 2016: ""Organic Tenant Billings Growth 5.9 %"""
2016Q2,AMT,usc_organic_tenant_billings_growth_pct,5.6,pct,https://www.sec.gov/Archives/edgar/data/1053507/000105350717000042/pressreleaseq22017.htm,"prior-yr comparative: segment: U.S. (1st col), 3M ended Jun 30, 2016: ""Organic Tenant Billings Growth 5.6 %"""
2016Q3,AMT,usc_organic_tenant_billings_growth_pct,5.7,pct,https://www.sec.gov/Archives/edgar/data/1053507/000105350716000054/pressreleaseq32016.htm,"segment: U.S. (1st col), 3M ended Sep 30, 2016: ""Organic Tenant Billings Growth 5.7 %"""
2016Q4,AMT,usc_organic_tenant_billings_growth_pct,5.8,pct,https://www.sec.gov/Archives/edgar/data/1053507/000105350717000007/pressreleaseq42016.htm,"segment: U.S. (1st col), 3M ended Dec 31, 2016: ""Organic Tenant Billings Growth 5.8 %"""
2017Q1,AMT,usc_organic_tenant_billings_growth_pct,6.5,pct,https://www.sec.gov/Archives/edgar/data/1053507/000105350717000029/pressreleaseq12017.htm,"segment: U.S. (1st col), 3M ended Mar 31, 2017: ""Organic Tenant Billings Growth 6.5 %"""
2017Q2,AMT,usc_organic_tenant_billings_growth_pct,6.2,pct,https://www.sec.gov/Archives/edgar/data/1053507/000105350717000042/pressreleaseq22017.htm,"segment: U.S. (1st col), 3M ended Jun 30, 2017: ""Organic Tenant Billings Growth 6.2 %"""
2017Q3,AMT,usc_organic_tenant_billings_growth_pct,6.3,pct,https://www.sec.gov/Archives/edgar/data/1053507/000105350717000054/pressreleaseq32017.htm,"segment: U.S. (1st col), 3M ended Sep 30, 2017: ""Organic Tenant Billings Growth 6.3 %"""
2017Q4,AMT,usc_organic_tenant_billings_growth_pct,5.9,pct,https://www.sec.gov/Archives/edgar/data/1053507/000105350718000004/pressreleaseq42017.htm,"segment: U.S. (1st col), 3M ended Dec 31, 2017: ""Organic Tenant Billings Growth 5.9 %"""
2018Q1,AMT,usc_organic_tenant_billings_growth_pct,6.3,pct,https://www.sec.gov/Archives/edgar/data/1053507/000105350718000020/pressreleaseq12018.htm,"segment: U.S. (1st col), 3M ended Mar 31, 2018: ""Organic Tenant Billings Growth 6.3 %"""
2018Q2,AMT,usc_organic_tenant_billings_growth_pct,7.4,pct,https://www.sec.gov/Archives/edgar/data/1053507/000105350718000035/pressreleaseq22018.htm,"segment: U.S. (1st col), 3M ended Jun 30, 2018: ""Organic Tenant Billings Growth 7.4 %"""
2018Q3,AMT,usc_organic_tenant_billings_growth_pct,7.4,pct,https://www.sec.gov/Archives/edgar/data/1053507/000105350718000047/pressreleaseq32018.htm,"segment: U.S. (1st col), 3M ended Sep 30, 2018: ""Organic Tenant Billings Growth 7.4 %"""
2018Q4,AMT,usc_organic_tenant_billings_growth_pct,8.0,pct,https://www.sec.gov/Archives/edgar/data/1053507/000105350719000010/pressreleaseq42018.htm,"segment: U.S. (1st col), 3M ended Dec 31, 2018: ""Organic Tenant Billings Growth 8.0 %"""
2019Q1,AMT,usc_organic_tenant_billings_growth_pct,8.2,pct,https://www.sec.gov/Archives/edgar/data/1053507/000105350719000071/pressreleaseq12019.htm,"segment: U.S. (1st col), 3M ended Mar 31, 2019: ""Organic Tenant Billings Growth 8.2 %"""
2019Q2,AMT,usc_organic_tenant_billings_growth_pct,7.5,pct,https://www.sec.gov/Archives/edgar/data/1053507/000105350719000101/pressreleaseq22019.htm,"segment: U.S. (1st col), 3M ended Jun 30, 2019: ""Organic Tenant Billings Growth 7.5 %"""
2019Q3,AMT,usc_organic_tenant_billings_growth_pct,7.1,pct,https://www.sec.gov/Archives/edgar/data/1053507/000105350719000131/pressreleaseq32019.htm,"segment: U.S. (1st col), 3M ended Sep 30, 2019: ""Organic Tenant Billings Growth 7.1 %"""
2019Q4,AMT,usc_organic_tenant_billings_growth_pct,6.2,pct,https://www.sec.gov/Archives/edgar/data/1053507/000105350720000025/pressreleaseq42019.htm,"segment: U.S. (1st col), 3M ended Dec 31, 2019: ""Organic Tenant Billings Growth 6.2 %"""
2020Q1,AMT,usc_organic_tenant_billings_growth_pct,5.6,pct,https://www.sec.gov/Archives/edgar/data/1053507/000105350720000091/pressreleaseq12020.htm,"segment: U.S. (1st col), 3M ended Mar 31, 2020: ""Organic Tenant Billings Growth 5.6 %"""
2020Q2,AMT,usc_organic_tenant_billings_growth_pct,4.7,pct,https://www.sec.gov/Archives/edgar/data/1053507/000105350720000126/pressreleaseq22020.htm,"segment: U.S. (1st col), 3M ended Jun 30, 2020: ""Organic Tenant Billings Growth 4.7 %"""
2020Q3,AMT,usc_organic_tenant_billings_growth_pct,4.2,pct,https://www.sec.gov/Archives/edgar/data/1053507/000105350720000157/pressreleaseq32020.htm,"segment: U.S. (1st col), 3M ended Sep 30, 2020: ""Organic Tenant Billings Growth 4.2 %"""
2020Q4,AMT,usc_organic_tenant_billings_growth_pct,4.0,pct,https://www.sec.gov/Archives/edgar/data/1053507/000105350721000023/pressreleaseq42020.htm,"segment: U.S. & Canada (1st col), 3M ended Dec 31, 2020: ""Organic Tenant Billings Growth 4.0 %"""
2021Q1,AMT,usc_organic_tenant_billings_growth_pct,3.6,pct,https://www.sec.gov/Archives/edgar/data/1053507/000105350721000082/pressreleaseq12021.htm,"segment: U.S. & Canada (1st col), 3M ended Mar 31, 2021: ""Organic Tenant Billings Growth 3.6 %"""
2021Q2,AMT,usc_organic_tenant_billings_growth_pct,4.4,pct,https://www.sec.gov/Archives/edgar/data/1053507/000105350721000127/pressreleaseq22021.htm,"segment: U.S. & Canada (1st col), 3M ended Jun 30, 2021: ""Organic Tenant Billings Growth 4.4 %"""
2021Q3,AMT,usc_organic_tenant_billings_growth_pct,4.3,pct,https://www.sec.gov/Archives/edgar/data/1053507/000105350721000156/pressreleaseq32021.htm,"segment: U.S. & Canada (1st col), 3M ended Sep 30, 2021: ""Organic Tenant Billings Growth 4.3 %"""
2021Q4,AMT,usc_organic_tenant_billings_growth_pct,-0.5,pct,https://www.sec.gov/Archives/edgar/data/1053507/000105350722000013/pressreleaseq42021.htm,"segment: U.S. & Canada (1st col), 3M ended Dec 31, 2021: ""Organic Tenant Billings Growth (0.5) %"""
2022Q1,AMT,usc_organic_tenant_billings_growth_pct,0.6,pct,https://www.sec.gov/Archives/edgar/data/1053507/000105350722000065/pressreleaseq12022.htm,"segment: U.S. & Canada (1st col), 3M ended Mar 31, 2022: ""Organic Tenant Billings Growth 0.6 %"""
2022Q2,AMT,usc_organic_tenant_billings_growth_pct,-0.4,pct,https://www.sec.gov/Archives/edgar/data/1053507/000105350722000096/pressreleaseq22022.htm,"segment: U.S. & Canada (1st col), 3M ended Jun 30, 2022: ""Organic Tenant Billings Growth (0.4) %"""
2022Q3,AMT,usc_organic_tenant_billings_growth_pct,0.3,pct,https://www.sec.gov/Archives/edgar/data/1053507/000105350722000115/pressreleaseq32022.htm,"segment: U.S. & Canada (1st col), 3M ended Sep 30, 2022: ""Organic Tenant Billings Growth 0.3 %"""
2022Q4,AMT,usc_organic_tenant_billings_growth_pct,4.1,pct,https://www.sec.gov/Archives/edgar/data/1053507/000105350723000021/pressreleaseq42022.htm,"segment: U.S. & Canada (1st col), 3M ended Dec 31, 2022: ""Organic Tenant Billings Growth 4.1 %"""
2023Q1,AMT,usc_organic_tenant_billings_growth_pct,5.6,pct,https://www.sec.gov/Archives/edgar/data/1053507/000105350723000112/pressreleaseq12023.htm,"segment: U.S. & Canada (1st col), 3M ended Mar 31, 2023: ""Organic Tenant Billings Growth 5.6 %"""
2023Q2,AMT,usc_organic_tenant_billings_growth_pct,5.1,pct,https://www.sec.gov/Archives/edgar/data/1053507/000105350723000140/pressreleaseq22023.htm,"segment: U.S. & Canada (1st col), 3M ended Jun 30, 2023: ""Organic Tenant Billings Growth 5.1 %"""
2023Q3,AMT,usc_organic_tenant_billings_growth_pct,5.3,pct,https://www.sec.gov/Archives/edgar/data/1053507/000105350723000158/pressreleaseq32023.htm,"segment: U.S. & Canada (1st col), 3M ended Sep 30, 2023: ""Organic Tenant Billings Growth 5.3 %"""
2023Q4,AMT,usc_organic_tenant_billings_growth_pct,5.1,pct,https://www.sec.gov/Archives/edgar/data/1053507/000105350724000009/pressreleaseq42023.htm,"segment: U.S. & Canada (1st col), 3M ended Dec 31, 2023: ""Organic Tenant Billings Growth 5.1 %"""
2024Q1,AMT,usc_organic_tenant_billings_growth_pct,4.6,pct,https://www.sec.gov/Archives/edgar/data/1053507/000105350724000081/pressreleaseq12024.htm,"segment: U.S. & Canada (1st col), 3M ended Mar 31, 2024: ""Organic Tenant Billings Growth 4.6 %"""
2024Q2,AMT,usc_organic_tenant_billings_growth_pct,5.1,pct,https://www.sec.gov/Archives/edgar/data/1053507/000105350724000103/pressreleaseq22024.htm,"segment: U.S. & Canada (1st col), 3M ended Jun 30, 2024: ""Organic Tenant Billings Growth 5.1 %"""
2024Q3,AMT,usc_organic_tenant_billings_growth_pct,5.0,pct,https://www.sec.gov/Archives/edgar/data/1053507/000105350724000128/pressreleaseq32024.htm,"segment: U.S. & Canada (1st col), 3M ended Sep 30, 2024: ""Organic Tenant Billings Growth 5.0 %"""
2024Q4,AMT,usc_organic_tenant_billings_growth_pct,4.2,pct,https://www.sec.gov/Archives/edgar/data/1053507/000105350725000022/pressreleaseq42024.htm,"segment: U.S. & Canada (1st col), 3M ended Dec 31, 2024: ""Organic Tenant Billings Growth 4.2 %"""
2025Q1,AMT,usc_organic_tenant_billings_growth_pct,3.6,pct,https://www.sec.gov/Archives/edgar/data/1053507/000105350725000100/pressreleaseq12025.htm,"segment: U.S. & Canada (1st col), 3M ended Mar 31, 2025: ""Organic Tenant Billings Growth 3.6 %"""
2025Q2,AMT,usc_organic_tenant_billings_growth_pct,3.7,pct,https://www.sec.gov/Archives/edgar/data/1053507/000105350725000117/pressreleaseq22025.htm,"segment: U.S. & Canada (1st col), 3M ended Jun 30, 2025: ""Organic Tenant Billings Growth 3.7 %"""
2025Q3,AMT,usc_organic_tenant_billings_growth_pct,3.9,pct,https://www.sec.gov/Archives/edgar/data/1053507/000105350725000147/pressreleaseq32025.htm,"segment: U.S. & Canada (1st col), 3M ended Sep 30, 2025: ""Organic Tenant Billings Growth 3.9 %"""
2025Q4,AMT,usc_organic_tenant_billings_growth_pct,5.6,pct,https://www.sec.gov/Archives/edgar/data/1053507/000105350726000032/pressreleaseq42025.htm,"segment: U.S. & Canada (1st col), 3M ended Dec 31, 2025: ""Organic Tenant Billings Growth 5.6 %"""
2026Q1,AMT,usc_organic_tenant_billings_growth_pct,0.6,pct,https://www.sec.gov/Archives/edgar/data/1053507/000105350726000094/pressreleaseq12026.htm,"segment: U.S. & Canada (1st col), 3M ended Mar 31, 2026: ""Organic Tenant Billings Growth 0.6 %"""
2026Q2,AMT,usc_organic_tenant_billings_growth_pct,0.7,pct,https://www.sec.gov/Archives/edgar/data/1053507/000105350726000131/pressreleaseq22026.htm,"segment: U.S. & Canada (1st col), 3M ended Jun 30, 2026: ""Organic Tenant Billings Growth 0.7 %"""
2022Q1,CCI,organic_site_rental_billings_growth_pct,6.0,pct,https://www.sec.gov/Archives/edgar/data/1051470/000105147022000109/q12022earningsrelease.htm,Organic Contribution to Site Rental Billings (c)(f) | 6.0 [3M YoY; first qtr on billings def]
2022Q2,CCI,organic_site_rental_billings_growth_pct,4.7,pct,https://www.sec.gov/Archives/edgar/data/1051470/000105147022000143/q22022earningsrelease.htm,Organic Contribution to Site Rental Billings (b)(e) | 4.7 [3M YoY]
2022Q3,CCI,organic_site_rental_billings_growth_pct,5.3,pct,https://www.sec.gov/Archives/edgar/data/1051470/000105147022000160/q32022earningsrelease.htm,Organic Contribution to Site Rental Billings (b)(e) | 5.3 [3M YoY]
2022Q4,CCI,organic_site_rental_billings_growth_pct,4.3,pct,https://www.sec.gov/Archives/edgar/data/1051470/000105147023000005/q42022earningsrelease.htm,Organic Contribution to Site Rental Billings (a) | 4.3 | 5.4 [Q4 2022 col]
2023Q1,CCI,organic_site_rental_billings_growth_pct,2.9,pct,https://www.sec.gov/Archives/edgar/data/1051470/000105147023000092/q12023earningsrelease.htm,Adjusted for Impact of Sprint Cancellations (a) | 2.9 | 6.0 [ex-Sprint; unadj 6.4]
2023Q2,CCI,organic_site_rental_billings_growth_pct,4.2,pct,https://www.sec.gov/Archives/edgar/data/1051470/000105147023000117/q22023earningsrelease.htm,as Adjusted for Impact of Sprint Cancellations (a) | 4.2 | 4.7 [ex-Sprint; unadj 11.9]
2023Q3,CCI,organic_site_rental_billings_growth_pct,4.0,pct,https://www.sec.gov/Archives/edgar/data/1051470/000105147023000156/q32023earningsrelease.htm,as Adjusted for Impact of Sprint Cancellations (a) | 4.0 | 5.3 [ex-Sprint; unadj 3.9]
2023Q4,CCI,organic_site_rental_billings_growth_pct,4.9,pct,https://www.sec.gov/Archives/edgar/data/1051470/000105147024000030/q42023earningsrelease.htm,"as Adjusted for Impact of Sprint Cancellations (a) | 4.9 | 4.3 [ex-Sprint, Q4 col; unadj 5.2]"
2024Q1,CCI,organic_site_rental_billings_growth_pct,5.0,pct,https://www.sec.gov/Archives/edgar/data/1051470/000105147024000133/q12024earningsrelease.htm,excluding payments for Sprint Cancellations (a) | 5.0 | 2.9 [ex-Sprint adj row; unadj 1.2]
2024Q2,CCI,organic_site_rental_billings_growth_pct,4.7,pct,https://www.sec.gov/Archives/edgar/data/1051470/000105147024000180/q22024earningsrelease.htm,"Organic Contribution to Site Rental Billings was $63 million, or 4.7% growth [ex-Sprint; unadj -3.0]"
2024Q3,CCI,organic_site_rental_billings_growth_pct,5.2,pct,https://www.sec.gov/Archives/edgar/data/1051470/000105147024000206/q32024earningsrelease.htm,excluding payments for Sprint Cancellations (a) | 5.2 | 4.0 [ex-Sprint adj row; unadj 4.7]
2024Q4,CCI,organic_site_rental_billings_growth_pct,4.6,pct,https://www.sec.gov/Archives/edgar/data/1051470/000105147025000085/q42024earningsreleaseversi.htm,"as a percentage of prior year site rental billings (a) | 4.6 | 4.6 | 4.5 | 4.0 [ex-Sprint adj row, Q4 col; new def; unadj 4.5]"
2025Q1,CCI,organic_site_rental_billings_growth_pct,5.1,pct,https://www.sec.gov/Archives/edgar/data/1051470/000105147025000124/q12025earningsrelease.htm,"Organic Contribution to Site Rental Billings was $49 million, or 5.1% organic growth [ex-Sprint; Towers-only cont. ops]"
2025Q2,CCI,organic_site_rental_billings_growth_pct,4.7,pct,https://www.sec.gov/Archives/edgar/data/1051470/000105147025000159/q22025earningsrelease.htm,"Organic Contribution to Site Rental Billings was $45 million, or 4.7% organic growth [ex-Sprint; Towers only]"
2025Q3,CCI,organic_site_rental_billings_growth_pct,5.2,pct,https://www.sec.gov/Archives/edgar/data/1051470/000105147025000185/q32025earningsrelease.htm,"Organic Contribution to Site Rental Billings was $52 million, or 5.2% organic growth [ex-Sprint; Towers only]"
2025Q4,CCI,organic_site_rental_billings_growth_pct,4.7,pct,https://www.sec.gov/Archives/edgar/data/1051470/000105147026000008/q42025earningsrelease.htm,"as a percentage of prior year site rental billings (b) | 4.7 | 4.1 | 4.9 | 4.5 [ex-Sprint adj row, Q4 col; Towers only]"
2026Q1,CCI,organic_site_rental_billings_growth_pct,3.1,pct,https://www.sec.gov/Archives/edgar/data/1051470/000105147026000046/q12026earningsrelease.htm,"in the first quarter 2026 was $30 million, or 3.1% organic growth [ex-DISH & Sprint; 3.3% on ex-DISH base]"
2026Q2,CCI,organic_site_rental_billings_growth_pct,3.9,pct,https://www.sec.gov/Archives/edgar/data/1051470/000105147026000069/q22026earningsrelease.htm,"in the second quarter 2026 was $38 million, or 3.9% organic growth [ex-DISH & Sprint; 4.2% on ex-DISH base]"
2023Q1,CCI,organic_site_rental_billings_growth_unadj_pct,6.4,pct,https://www.sec.gov/Archives/edgar/data/1051470/000105147023000092/q12023earningsrelease.htm,Organic Contribution to Site Rental Billings (a) | 6.4 | 6.0 [unadjusted row]
2023Q2,CCI,organic_site_rental_billings_growth_unadj_pct,11.9,pct,https://www.sec.gov/Archives/edgar/data/1051470/000105147023000117/q22023earningsrelease.htm,Organic Contribution to Site Rental Billings (a) | 11.9 | 4.7 [unadjusted row]
2023Q3,CCI,organic_site_rental_billings_growth_unadj_pct,3.9,pct,https://www.sec.gov/Archives/edgar/data/1051470/000105147023000156/q32023earningsrelease.htm,Organic Contribution to Site Rental Billings (a) | 3.9 | 5.3 [unadjusted row]
2023Q4,CCI,organic_site_rental_billings_growth_unadj_pct,5.2,pct,https://www.sec.gov/Archives/edgar/data/1051470/000105147024000030/q42023earningsrelease.htm,Organic Contribution to Site Rental Billings (a) | 5.2 | 4.3 [unadjusted row]
2024Q1,CCI,organic_site_rental_billings_growth_unadj_pct,1.2,pct,https://www.sec.gov/Archives/edgar/data/1051470/000105147024000133/q12024earningsrelease.htm,as a percentage of prior year site rental billings (a) | 1.2 | 6.4 [unadjusted row]
2024Q2,CCI,organic_site_rental_billings_growth_unadj_pct,-3.0,pct,https://www.sec.gov/Archives/edgar/data/1051470/000105147024000180/q22024earningsrelease.htm,as a percentage of prior year site rental billings (a) | (3.0) | 11.9 [unadjusted row]
2024Q3,CCI,organic_site_rental_billings_growth_unadj_pct,4.7,pct,https://www.sec.gov/Archives/edgar/data/1051470/000105147024000206/q32024earningsrelease.htm,as a percentage of prior year site rental billings (a) | 4.7 | 3.9 [unadjusted row]
2024Q4,CCI,organic_site_rental_billings_growth_unadj_pct,4.5,pct,https://www.sec.gov/Archives/edgar/data/1051470/000105147025000085/q42024earningsreleaseversi.htm,as a percentage of prior year site rental billings (a) | 4.5 | 4.1 [unadjusted row]
2025Q1,CCI,organic_site_rental_billings_growth_unadj_pct,-0.2,pct,https://www.sec.gov/Archives/edgar/data/1051470/000105147025000124/q12025earningsrelease.htm,as a percentage of prior year site rental billings (b) | (0.2) | 4.6 [unadjusted row]
2025Q2,CCI,organic_site_rental_billings_growth_unadj_pct,-0.6,pct,https://www.sec.gov/Archives/edgar/data/1051470/000105147025000159/q22025earningsrelease.htm,as a percentage of prior year site rental billings (b) | (0.6) | 4.8 [unadjusted row]
2025Q3,CCI,organic_site_rental_billings_growth_unadj_pct,0.1,pct,https://www.sec.gov/Archives/edgar/data/1051470/000105147025000185/q32025earningsrelease.htm,as a percentage of prior year site rental billings (b) | 0.1 | 4.5 [unadjusted row]
2025Q4,CCI,organic_site_rental_billings_growth_unadj_pct,-0.4,pct,https://www.sec.gov/Archives/edgar/data/1051470/000105147026000008/q42025earningsrelease.htm,as a percentage of prior year site rental billings (b) | (0.4) | 4.1 [unadjusted row]
2026Q1,CCI,organic_site_rental_billings_growth_unadj_pct,-2.5,pct,https://www.sec.gov/Archives/edgar/data/1051470/000105147026000046/q12026earningsrelease.htm,as a percentage of prior year site rental billings (b) | (2.5) | (0.2) [unadjusted row]
2026Q2,CCI,organic_site_rental_billings_growth_unadj_pct,-1.8,pct,https://www.sec.gov/Archives/edgar/data/1051470/000105147026000069/q22026earningsrelease.htm,as a percentage of prior year site rental billings (b) | (1.8) | (0.6) [unadjusted row]
2015Q1,CCI,organic_site_rental_revenue_growth_pct,5.4,pct,https://www.sec.gov/Archives/edgar/data/1051470/000105147015000083/q12015earningsrelease.htm,Organic Site Rental Revenue Growth | 5.4 [3M YoY; 2015-16Q1 'Organic Site Rental Revenues' def]
2015Q2,CCI,organic_site_rental_revenue_growth_pct,5.9,pct,https://www.sec.gov/Archives/edgar/data/1051470/000105147015000108/q22015earningsrelease.htm,Organic Site Rental Revenue Growth | 5.9 [3M YoY; 2015-16Q1 'Organic Site Rental Revenues' def]
2015Q3,CCI,organic_site_rental_revenue_growth_pct,6.4,pct,https://www.sec.gov/Archives/edgar/data/1051470/000105147015000119/q32015earningsrelease.htm,Organic Site Rental Revenue Growth | 6.4 [3M YoY; 2015-16Q1 'Organic Site Rental Revenues' def]
2015Q4,CCI,organic_site_rental_revenue_growth_pct,7.1,pct,https://www.sec.gov/Archives/edgar/data/1051470/000105147016000145/q42015earningsrelease.htm,Organic Site Rental Revenue Growth | 7.1 [3M YoY; 2015-16Q1 'Organic Site Rental Revenues' def]
2016Q1,CCI,organic_site_rental_revenue_growth_pct,7.8,pct,https://www.sec.gov/Archives/edgar/data/1051470/000105147016000222/q12016earningsrelease.htm,Organic Site Rental Revenue Growth | 7.8 [3M YoY; 2015-16Q1 'Organic Site Rental Revenues' def]
2016Q2,CCI,organic_site_rental_revenue_growth_pct,6.9,pct,https://www.sec.gov/Archives/edgar/data/1051470/000105147016000251/q22016earningsrelease.htm,"Organic Contribution to Site Rental Revenues (d)(e) | 6.9 [3M YoY; revenue-based def, not billings]"
2016Q3,CCI,organic_site_rental_revenue_growth_pct,6.4,pct,https://www.sec.gov/Archives/edgar/data/1051470/000105147016000275/q32016earningsrelease.htm,"Organic Contribution to Site Rental Revenues (d)(e) | 6.4 [3M YoY; revenue-based def, not billings]"
2016Q4,CCI,organic_site_rental_revenue_growth_pct,5.1,pct,https://www.sec.gov/Archives/edgar/data/1051470/000105147017000011/q42016earningsrelease.htm,"Organic Contribution to Site Rental Revenues (d)(e) | 5.1 [3M YoY; revenue-based def, not billings]"
2017Q1,CCI,organic_site_rental_revenue_growth_pct,4.3,pct,https://www.sec.gov/Archives/edgar/data/1051470/000105147017000090/q12017earningsrelease.htm,"Organic Contribution to Site Rental Revenues (d)(e) | 4.3 [3M YoY; revenue-based def, not billings]"
2017Q2,CCI,organic_site_rental_revenue_growth_pct,5.3,pct,https://www.sec.gov/Archives/edgar/data/1051470/000105147017000130/q22017earningsrelease.htm,"Organic Contribution to Site Rental Revenues (d)(e) | 5.3 [3M YoY; revenue-based def, not billings]"
2017Q3,CCI,organic_site_rental_revenue_growth_pct,5.1,pct,https://www.sec.gov/Archives/edgar/data/1051470/000105147017000154/q32017earningsrelease.htm,"Organic Contribution to Site Rental Revenues (d)(e) | 5.1 [3M YoY; revenue-based def, not billings]"
2017Q4,CCI,organic_site_rental_revenue_growth_pct,5.5,pct,https://www.sec.gov/Archives/edgar/data/1051470/000105147018000007/q42017earningsrelease.htm,"Organic Contribution to Site Rental Revenues (d)(f) | 5.5 [3M YoY; revenue-based def, not billings]"
2018Q1,CCI,organic_site_rental_revenue_growth_pct,5.5,pct,https://www.sec.gov/Archives/edgar/data/1051470/000105147018000107/q12018earningsrelease.htm,"Organic Contribution to Site Rental Revenues (d)(f) | 5.5 [3M YoY; revenue-based def, not billings]"
2018Q2,CCI,organic_site_rental_revenue_growth_pct,5.6,pct,https://www.sec.gov/Archives/edgar/data/1051470/000105147018000147/q22018earningsrelease.htm,"Organic Contribution to Site Rental Revenues (d)(f) | 5.6 [3M YoY; revenue-based def, not billings]"
2018Q3,CCI,organic_site_rental_revenue_growth_pct,5.8,pct,https://www.sec.gov/Archives/edgar/data/1051470/000105147018000174/q32018earningsrelease.htm,"Organic Contribution to Site Rental Revenues (d)(f) | 5.8 [3M YoY; revenue-based def, not billings]"
2018Q4,CCI,organic_site_rental_revenue_growth_pct,5.6,pct,https://www.sec.gov/Archives/edgar/data/1051470/000105147019000011/q42018earningsrelease.htm,"Organic Contribution to Site Rental Revenues (d)(f) | 5.6 [3M YoY; revenue-based def, not billings]"
2019Q1,CCI,organic_site_rental_revenue_growth_pct,5.7,pct,https://www.sec.gov/Archives/edgar/data/1051470/000105147019000110/q12019earningsrelease.htm,"Organic Contribution to Site Rental Revenues (d)(f) | 5.7 [3M YoY; revenue-based def, not billings]"
2019Q2,CCI,organic_site_rental_revenue_growth_pct,5.7,pct,https://www.sec.gov/Archives/edgar/data/1051470/000105147019000142/q22019earningsrelease.htm,"Organic Contribution to Site Rental Revenues (d)(f) | 5.7 [3M YoY; revenue-based def, not billings]"
2019Q3,CCI,organic_site_rental_revenue_growth_pct,6.0,pct,https://www.sec.gov/Archives/edgar/data/1051470/000105147019000168/q32019earningsrelease.htm,"Organic Contribution to Site Rental Revenues (d)(f) | 6.0 [3M YoY; revenue-based def, not billings]"
2019Q4,CCI,organic_site_rental_revenue_growth_pct,5.9,pct,https://www.sec.gov/Archives/edgar/data/1051470/000105147020000068/q42019earningsrelease.htm,"Organic Contribution to Site Rental Revenues (d)(f) | 5.9 [3M YoY; revenue-based def, not billings]"
2020Q1,CCI,organic_site_rental_revenue_growth_pct,5.8,pct,https://www.sec.gov/Archives/edgar/data/1051470/000105147020000098/q12020earningsrelease.htm,"Organic Contribution to Site Rental Revenues (d)(f) | 5.8 [3M YoY; revenue-based def, not billings]"
2020Q2,CCI,organic_site_rental_revenue_growth_pct,5.6,pct,https://www.sec.gov/Archives/edgar/data/1051470/000105147020000125/q22020earningsrelease.htm,"Organic Contribution to Site Rental Revenues (d)(f) | 5.6 [3M YoY; revenue-based def, not billings]"
2020Q3,CCI,organic_site_rental_revenue_growth_pct,5.5,pct,https://www.sec.gov/Archives/edgar/data/1051470/000105147020000148/q32020earningsrelease.htm,"Organic Contribution to Site Rental Revenues (d)(f) | 5.5 [3M YoY; revenue-based def, not billings]"
2020Q4,CCI,organic_site_rental_revenue_growth_pct,5.8,pct,https://www.sec.gov/Archives/edgar/data/1051470/000105147021000012/q42020earningsrelease.htm,"Organic Contribution to Site Rental Revenues (d)(f) | 5.8 [3M YoY; revenue-based def, not billings]"
2021Q1,CCI,organic_site_rental_revenue_growth_pct,6.3,pct,https://www.sec.gov/Archives/edgar/data/1051470/000105147021000122/q12021earningsrelease.htm,"Organic Contribution to Site Rental Revenues (d)(f) | 6.3 [3M YoY; revenue-based def, not billings]"
2021Q2,CCI,organic_site_rental_revenue_growth_pct,5.3,pct,https://www.sec.gov/Archives/edgar/data/1051470/000105147021000155/q22021earningsrelease.htm,"Organic Contribution to Site Rental Revenues (d)(f) | 5.3 [3M YoY; revenue-based def, not billings]"
2021Q3,CCI,organic_site_rental_revenue_growth_pct,5.8,pct,https://www.sec.gov/Archives/edgar/data/1051470/000105147021000181/q32021earningsrelease.htm,"Organic Contribution to Site Rental Revenues (d)(f) | 5.8 [3M YoY; revenue-based def, not billings]"
2021Q4,CCI,organic_site_rental_revenue_growth_pct,5.8,pct,https://www.sec.gov/Archives/edgar/data/1051470/000105147022000009/q42021earningsrelease.htm,"Organic Contribution to Site Rental Revenues (d)(f) | 5.8 [3M YoY; revenue-based def, not billings]"
2022Q4,CCI,towers_organic_billings_growth_pct,6.2,pct,https://www.sec.gov/Archives/edgar/data/1051470/000105147023000005/q42022supplementworkingdoc.htm,"(a) | 6.4 | 5.7 | 7.2 | 6.2 | 6.4 | 6.0 [Towers seg, Q4 col; first disclosure; Organic Contribution % row]"
2023Q1,CCI,towers_organic_billings_growth_pct,5.2,pct,https://www.sec.gov/Archives/edgar/data/1051470/000105147023000092/q12023supplement.htm,"(a) | 6.4 | 5.7 | 7.2 | 6.2 | 5.2 [Towers seg, last col; Organic Contribution % row]"
2023Q2,CCI,towers_organic_billings_growth_pct,5.8,pct,https://www.sec.gov/Archives/edgar/data/1051470/000105147023000117/q22023supplement.htm,"(a) | 6.4 | 5.7 | 7.2 | 6.2 | 5.2 | 5.8 [Towers seg, last col; Organic Contribution % row]"
2023Q3,CCI,towers_organic_billings_growth_pct,4.4,pct,https://www.sec.gov/Archives/edgar/data/1051470/000105147023000156/q32023supplement.htm,"(a) | 6.4 | 5.7 | 7.2 | 6.2 | 5.2 | 5.8 | 4.4 [Towers seg, last col; Organic Contribution % row]"
2023Q4,CCI,towers_organic_billings_growth_pct,5.2,pct,https://www.sec.gov/Archives/edgar/data/1051470/000105147024000030/q42023supplement.htm,"(a) | 6.4 | 5.7 | 7.2 | 6.2 | 5.2 | 5.8 | 4.4 | 5.2 | 6.4 | 5.1 [Towers seg, Q4 2023 col; Organic Contribution % row]"
2024Q1,CCI,towers_organic_billings_growth_pct,4.6,pct,https://www.sec.gov/Archives/edgar/data/1051470/000105147024000133/q12024supplement.htm,"(a) | 5.2 | 5.8 | 4.4 | 5.2 | 4.6 [Towers seg, last col; Organic Contribution % row]"
2024Q2,CCI,towers_organic_billings_growth_pct,4.4,pct,https://www.sec.gov/Archives/edgar/data/1051470/000105147024000180/q22024earningsrelease.htm,(a) | 4.4 | 5.8 [Towers Segment Components table; Organic Contribution % row]
2024Q3,CCI,towers_organic_billings_growth_pct,4.3,pct,https://www.sec.gov/Archives/edgar/data/1051470/000105147024000206/q32024earningsrelease.htm,(a) | 4.3 | 4.4 [Towers Segment Components table; Organic Contribution % row]
2024Q4,CCI,towers_organic_billings_growth_pct,4.1,pct,https://www.sec.gov/Archives/edgar/data/1051470/000105147025000085/q42024earningsreleaseversi.htm,"(a) | 4.1 | 5.2 | 4.5 | 5.0 [Towers Segment table, Q4 col; new def; Organic Contribution % row]"
2025Q1,CCI,towers_organic_billings_growth_pct,5.1,pct,https://www.sec.gov/Archives/edgar/data/1051470/000105147025000124/q12025earningsrelease.htm,"Organic Contribution to Site Rental Billings was $49 million, or 5.1% organic growth [ex-Sprint; Towers-only cont. ops]"
2025Q2,CCI,towers_organic_billings_growth_pct,4.7,pct,https://www.sec.gov/Archives/edgar/data/1051470/000105147025000159/q22025earningsrelease.htm,"Organic Contribution to Site Rental Billings was $45 million, or 4.7% organic growth [ex-Sprint; Towers-only cont. ops]"
2025Q3,CCI,towers_organic_billings_growth_pct,5.2,pct,https://www.sec.gov/Archives/edgar/data/1051470/000105147025000185/q32025earningsrelease.htm,"Organic Contribution to Site Rental Billings was $52 million, or 5.2% organic growth [ex-Sprint; Towers-only cont. ops]"
2025Q4,CCI,towers_organic_billings_growth_pct,4.7,pct,https://www.sec.gov/Archives/edgar/data/1051470/000105147026000008/q42025earningsrelease.htm,"as a percentage of prior year site rental billings (b) | 4.7 | 4.1 | 4.9 | 4.5 [ex-Sprint adj row, Q4 col; Towers only]"
2026Q1,CCI,towers_organic_billings_growth_pct,3.1,pct,https://www.sec.gov/Archives/edgar/data/1051470/000105147026000046/q12026earningsrelease.htm,"in the first quarter 2026 was $30 million, or 3.1% organic growth [ex-DISH & Sprint; Towers-only cont. ops]"
2026Q2,CCI,towers_organic_billings_growth_pct,3.9,pct,https://www.sec.gov/Archives/edgar/data/1051470/000105147026000069/q22026earningsrelease.htm,"in the second quarter 2026 was $38 million, or 3.9% organic growth [ex-DISH & Sprint; Towers-only cont. ops]"
2025Q1,CCI,towers_organic_billings_growth_unadj_pct,-0.2,pct,https://www.sec.gov/Archives/edgar/data/1051470/000105147025000124/q12025earningsrelease.htm,as a percentage of prior year site rental billings (b) | (0.2) | 4.6 [unadjusted; Towers only]
2025Q2,CCI,towers_organic_billings_growth_unadj_pct,-0.6,pct,https://www.sec.gov/Archives/edgar/data/1051470/000105147025000159/q22025earningsrelease.htm,as a percentage of prior year site rental billings (b) | (0.6) | 4.8 [unadjusted; Towers only]
2025Q3,CCI,towers_organic_billings_growth_unadj_pct,0.1,pct,https://www.sec.gov/Archives/edgar/data/1051470/000105147025000185/q32025earningsrelease.htm,as a percentage of prior year site rental billings (b) | 0.1 | 4.5 [unadjusted; Towers only]
2025Q4,CCI,towers_organic_billings_growth_unadj_pct,-0.4,pct,https://www.sec.gov/Archives/edgar/data/1051470/000105147026000008/q42025earningsrelease.htm,as a percentage of prior year site rental billings (b) | (0.4) | 4.1 [unadjusted; Towers only]
2026Q1,CCI,towers_organic_billings_growth_unadj_pct,-2.5,pct,https://www.sec.gov/Archives/edgar/data/1051470/000105147026000046/q12026earningsrelease.htm,as a percentage of prior year site rental billings (b) | (2.5) | (0.2) [unadjusted; Towers only]
2026Q2,CCI,towers_organic_billings_growth_unadj_pct,-1.8,pct,https://www.sec.gov/Archives/edgar/data/1051470/000105147026000069/q22026earningsrelease.htm,as a percentage of prior year site rental billings (b) | (1.8) | (0.6) [unadjusted; Towers only]
2025Q1,CCI,towers_organic_contribution_unadj_usd_m,-2.0,usd_m,https://www.sec.gov/Archives/edgar/data/1051470/000105147025000124/q12025earningsrelease.htm,Organic Contribution to Site Rental Billings (b) | (2) | 43 [unadjusted row; Towers-only cont. ops]
2025Q2,CCI,towers_organic_contribution_unadj_usd_m,-6.0,usd_m,https://www.sec.gov/Archives/edgar/data/1051470/000105147025000159/q22025earningsrelease.htm,Organic Contribution to Site Rental Billings (b) | (6) | 45 [unadjusted row; Towers-only cont. ops]
2025Q3,CCI,towers_organic_contribution_unadj_usd_m,1.0,usd_m,https://www.sec.gov/Archives/edgar/data/1051470/000105147025000185/q32025earningsrelease.htm,Organic Contribution to Site Rental Billings (b) | 1 | 43 [unadjusted row; Towers-only cont. ops]
2025Q4,CCI,towers_organic_contribution_unadj_usd_m,-4.0,usd_m,https://www.sec.gov/Archives/edgar/data/1051470/000105147026000008/q42025earningsrelease.htm,Organic Contribution to Site Rental Billings (b) | (4) | 40 | (11) | 170 [unadjusted row; Towers-only cont. ops]
2026Q1,CCI,towers_organic_contribution_unadj_usd_m,-24.0,usd_m,https://www.sec.gov/Archives/edgar/data/1051470/000105147026000046/q12026earningsrelease.htm,Organic Contribution to Site Rental Billings (b) | (24) | (2) [unadjusted row; Towers-only cont. ops]
2026Q2,CCI,towers_organic_contribution_unadj_usd_m,-16.0,usd_m,https://www.sec.gov/Archives/edgar/data/1051470/000105147026000069/q22026earningsrelease.htm,Organic Contribution to Site Rental Billings (b) | (16) | (6) [unadjusted row; Towers-only cont. ops]
2022Q4,CCI,towers_organic_contribution_usd_m,55.0,usd_m,https://www.sec.gov/Archives/edgar/data/1051470/000105147023000005/q42022supplementworkingdoc.htm,"(a) | 52 | 47 | 61 | 55 | 214 | 190 [Towers seg, Q4 col; first disclosure; Organic Contribution $ row]"
2023Q1,CCI,towers_organic_contribution_usd_m,46.0,usd_m,https://www.sec.gov/Archives/edgar/data/1051470/000105147023000092/q12023supplement.htm,"(a) | 52 | 47 | 61 | 55 | 46 [Towers seg, last col; Organic Contribution $ row]"
2023Q2,CCI,towers_organic_contribution_usd_m,51.0,usd_m,https://www.sec.gov/Archives/edgar/data/1051470/000105147023000117/q22023supplement.htm,"(a) | 52 | 47 | 61 | 55 | 46 | 51 [Towers seg, last col; Organic Contribution $ row]"
2023Q3,CCI,towers_organic_contribution_usd_m,40.0,usd_m,https://www.sec.gov/Archives/edgar/data/1051470/000105147023000156/q32023supplement.htm,"(a) | 52 | 47 | 61 | 55 | 46 | 51 | 40 [Towers seg, last col; Organic Contribution $ row]"
2023Q4,CCI,towers_organic_contribution_usd_m,48.0,usd_m,https://www.sec.gov/Archives/edgar/data/1051470/000105147024000030/q42023supplement.htm,"(a) | 52 | 47 | 61 | 55 | 46 | 51 | 40 | 48 | 214 | 184 [Towers seg, Q4 2023 col; Organic Contribution $ row]"
2024Q1,CCI,towers_organic_contribution_usd_m,43.0,usd_m,https://www.sec.gov/Archives/edgar/data/1051470/000105147024000133/q12024supplement.htm,"(a) | 46 | 51 | 40 | 48 | 43 [Towers seg, last col; Organic Contribution $ row]"
2024Q2,CCI,towers_organic_contribution_usd_m,42.0,usd_m,https://www.sec.gov/Archives/edgar/data/1051470/000105147024000180/q22024earningsrelease.htm,Organic Contribution to Site Rental Billings (a) | 42 | 51 [Towers Segment Components table; Organic Contribution $ row]
2024Q3,CCI,towers_organic_contribution_usd_m,41.0,usd_m,https://www.sec.gov/Archives/edgar/data/1051470/000105147024000206/q32024earningsrelease.htm,Organic Contribution to Site Rental Billings (a) | 41 | 40 [Towers Segment Components table; Organic Contribution $ row]
2024Q4,CCI,towers_organic_contribution_usd_m,40.0,usd_m,https://www.sec.gov/Archives/edgar/data/1051470/000105147025000085/q42024earningsreleaseversi.htm,"(a) | 40 | 48 | 168 | 181 [Towers Segment table, Q4 col; new def; Organic Contribution $ row]"
2025Q1,CCI,towers_organic_contribution_usd_m,49.0,usd_m,https://www.sec.gov/Archives/edgar/data/1051470/000105147025000124/q12025earningsrelease.htm,"Organic Contribution to Site Rental Billings was $49 million, or 5.1% organic growth [ex-Sprint; Towers-only cont. ops]"
2025Q2,CCI,towers_organic_contribution_usd_m,45.0,usd_m,https://www.sec.gov/Archives/edgar/data/1051470/000105147025000159/q22025earningsrelease.htm,"Organic Contribution to Site Rental Billings was $45 million, or 4.7% organic growth [ex-Sprint; Towers-only cont. ops]"
2025Q3,CCI,towers_organic_contribution_usd_m,52.0,usd_m,https://www.sec.gov/Archives/edgar/data/1051470/000105147025000185/q32025earningsrelease.htm,"Organic Contribution to Site Rental Billings was $52 million, or 5.2% organic growth [ex-Sprint; Towers-only cont. ops]"
2025Q4,CCI,towers_organic_contribution_usd_m,47.0,usd_m,https://www.sec.gov/Archives/edgar/data/1051470/000105147026000008/q42025earningsrelease.htm,"Impact of Sprint Cancellations (b) | 47 | 40 | 193 | 170 [ex-Sprint adj row, Q4 col; Towers-only cont. ops]"
2026Q1,CCI,towers_organic_contribution_usd_m,30.0,usd_m,https://www.sec.gov/Archives/edgar/data/1051470/000105147026000046/q12026earningsrelease.htm,"in the first quarter 2026 was $30 million, or 3.1% organic growth [ex-DISH & Sprint; Towers-only cont. ops]"
2026Q2,CCI,towers_organic_contribution_usd_m,38.0,usd_m,https://www.sec.gov/Archives/edgar/data/1051470/000105147026000069/q22026earningsrelease.htm,"in the second quarter 2026 was $38 million, or 3.9% organic growth [ex-DISH & Sprint; Towers-only cont. ops]"
2016Q1,CCI,towers_site_rental_revenues_usd_m,702.84,usd_m,https://www.sec.gov/Archives/edgar/data/1051470/000105147016000222/q12016earningsrelease.htm,"Segment site rental revenues | 702,840 | 96,454 | 799,294 [$000s; Towers col]"
2016Q2,CCI,towers_site_rental_revenues_usd_m,705.716,usd_m,https://www.sec.gov/Archives/edgar/data/1051470/000105147016000251/q22016earningsrelease.htm,"Segment site rental revenues | 705,716 | 98,884 | 804,600 [$000s; Towers col]"
2016Q3,CCI,towers_site_rental_revenues_usd_m,709.603,usd_m,https://www.sec.gov/Archives/edgar/data/1051470/000105147016000275/q32016earningsrelease.htm,"Segment site rental revenues | 709,603 | 102,429 | 812,032 [$000s; Towers col]"
2016Q4,CCI,towers_site_rental_revenues_usd_m,712.549,usd_m,https://www.sec.gov/Archives/edgar/data/1051470/000105147017000011/q42016earningsrelease.htm,"Segment site rental revenues | 712,549 | 104,832 | 817,381 | 693,898 [$000s; Towers col, 3M]"
2017Q1,CCI,towers_site_rental_revenues_usd_m,716.536,usd_m,https://www.sec.gov/Archives/edgar/data/1051470/000105147017000090/q12017earningsrelease.htm,"Segment site rental revenues | 716,536 | 140,400 | 856,936 [$000s; Towers col]"
2017Q2,CCI,towers_site_rental_revenues_usd_m,717.645,usd_m,https://www.sec.gov/Archives/edgar/data/1051470/000105147017000130/q22017earningsrelease.htm,"Segment site rental revenues | 717,645 | 151,161 | 868,806 [$000s; Towers col]"
2017Q3,CCI,towers_site_rental_revenues_usd_m,724.813,usd_m,https://www.sec.gov/Archives/edgar/data/1051470/000105147017000154/q32017earningsrelease.htm,"Segment site rental revenues | 724,813 | 167,950 | 892,763 [$000s; Towers col]"
2017Q4,CCI,towers_site_rental_revenues_usd_m,740.56,usd_m,https://www.sec.gov/Archives/edgar/data/1051470/000105147018000007/q42017earningsrelease.htm,"Segment site rental revenues | 740,560 | 310,126 | 1,050,686 [$000s; Towers col, 3M]"
2018Q1,CCI,towers_site_rental_revenues_usd_m,764.0,usd_m,https://www.sec.gov/Archives/edgar/data/1051470/000105147018000107/q12018earningsrelease.htm,"Segment site rental revenues | 764 | 389 | 1,153 | 717 [Towers col]"
2018Q2,CCI,towers_site_rental_revenues_usd_m,771.0,usd_m,https://www.sec.gov/Archives/edgar/data/1051470/000105147018000147/q22018earningsrelease.htm,"Segment site rental revenues | 771 | 398 | 1,169 | 718 [Towers col]"
2018Q3,CCI,towers_site_rental_revenues_usd_m,782.0,usd_m,https://www.sec.gov/Archives/edgar/data/1051470/000105147018000174/q32018earningsrelease.htm,"Segment site rental revenues | 782 | 402 | 1,184 | 725 [Towers col]"
2018Q4,CCI,towers_site_rental_revenues_usd_m,798.0,usd_m,https://www.sec.gov/Archives/edgar/data/1051470/000105147019000011/q42018earningsrelease.htm,"Segment site rental revenues | 798 | 411 | 1,209 | 741 [Towers col, 3M]"
2019Q1,CCI,towers_site_rental_revenues_usd_m,805.0,usd_m,https://www.sec.gov/Archives/edgar/data/1051470/000105147019000110/q12019earningsrelease.htm,"Segment site rental revenues | 805 | 414 | 1,219 | 764 [Towers col]"
2019Q2,CCI,towers_site_rental_revenues_usd_m,816.0,usd_m,https://www.sec.gov/Archives/edgar/data/1051470/000105147019000142/q22019earningsrelease.htm,"Segment site rental revenues | 816 | 422 | 1,238 | 771 [Towers col]"
2019Q3,CCI,towers_site_rental_revenues_usd_m,829.0,usd_m,https://www.sec.gov/Archives/edgar/data/1051470/000105147019000168/q32019earningsrelease.htm,"Segment site rental revenues | 829 | 431 | 1,260 | 782 [Towers col]"
2019Q4,CCI,towers_site_rental_revenues_usd_m,864.0,usd_m,https://www.sec.gov/Archives/edgar/data/1051470/000105147020000068/q42019earningsrelease.htm,"Segment site rental revenues | 864 | 437 | 1,301 | 821 [Towers col, 3M]"
2020Q1,CCI,towers_site_rental_revenues_usd_m,867.0,usd_m,https://www.sec.gov/Archives/edgar/data/1051470/000105147020000098/q12020earningsrelease.htm,"Segment site rental revenues | 867 | 443 | 1,310 | 828 [Towers col]"
2020Q2,CCI,towers_site_rental_revenues_usd_m,868.0,usd_m,https://www.sec.gov/Archives/edgar/data/1051470/000105147020000125/q22020earningsrelease.htm,"Segment site rental revenues | 868 | 451 | 1,319 | 841 [Towers col]"
2020Q3,CCI,towers_site_rental_revenues_usd_m,877.0,usd_m,https://www.sec.gov/Archives/edgar/data/1051470/000105147020000148/q32020earningsrelease.htm,"Segment site rental revenues | 877 | 462 | 1,339 | 856 [Towers col]"
2020Q4,CCI,towers_site_rental_revenues_usd_m,884.0,usd_m,https://www.sec.gov/Archives/edgar/data/1051470/000105147021000012/q42020earningsrelease.htm,"Segment site rental revenues | 884 | 468 | 1,352 | 863 [Towers col, 3M]"
2021Q1,CCI,towers_site_rental_revenues_usd_m,895.0,usd_m,https://www.sec.gov/Archives/edgar/data/1051470/000105147021000122/q12021earningsrelease.htm,"Segment site rental revenues | 895 | 474 | 1,369 | 867 [Towers col]"
2021Q2,CCI,towers_site_rental_revenues_usd_m,952.0,usd_m,https://www.sec.gov/Archives/edgar/data/1051470/000105147021000155/q22021earningsrelease.htm,"Segment site rental revenues | 952 | 473 | 1,425 | 868 [Towers col]"
2021Q3,CCI,towers_site_rental_revenues_usd_m,972.0,usd_m,https://www.sec.gov/Archives/edgar/data/1051470/000105147021000181/q32021earningsrelease.htm,"Segment site rental revenues | 972 | 479 | 1,451 | 877 [Towers col]"
2021Q4,CCI,towers_site_rental_revenues_usd_m,985.0,usd_m,https://www.sec.gov/Archives/edgar/data/1051470/000105147022000009/q42021earningsrelease.htm,"Segment site rental revenues | 985 | 489 | 1,474 | 884 [Towers col, 3M]"
2022Q1,CCI,towers_site_rental_revenues_usd_m,1075.0,usd_m,https://www.sec.gov/Archives/edgar/data/1051470/000105147022000109/q12022earningsrelease.htm,"Segment site rental revenues | 1,075 | 501 | 1,576 | 895 [Towers col]"
2022Q2,CCI,towers_site_rental_revenues_usd_m,1078.0,usd_m,https://www.sec.gov/Archives/edgar/data/1051470/000105147022000143/q22022earningsrelease.htm,"Segment site rental revenues | 1,078 | 489 | 1,567 | 952 [Towers col]"
2022Q3,CCI,towers_site_rental_revenues_usd_m,1084.0,usd_m,https://www.sec.gov/Archives/edgar/data/1051470/000105147022000160/q32022earningsrelease.htm,"Segment site rental revenues | 1,084 | 484 | 1,568 | 972 [Towers col]"
2022Q4,CCI,towers_site_rental_revenues_usd_m,1086.0,usd_m,https://www.sec.gov/Archives/edgar/data/1051470/000105147023000005/q42022earningsrelease.htm,"Segment site rental revenues | 1,086 | 492 | 1,578 | 985 [Towers col, 3M]"
2023Q1,CCI,towers_site_rental_revenues_usd_m,1081.0,usd_m,https://www.sec.gov/Archives/edgar/data/1051470/000105147023000092/q12023earningsrelease.htm,"Segment site rental revenues | 1,081 | 543 | 1,624 | 1,075 [Towers col]"
2023Q2,CCI,towers_site_rental_revenues_usd_m,1080.0,usd_m,https://www.sec.gov/Archives/edgar/data/1051470/000105147023000117/q22023earningsrelease.htm,"Segment site rental revenues | 1,080 | 648 | 1,728 | 1,078 [Towers col]"
2023Q3,CCI,towers_site_rental_revenues_usd_m,1074.0,usd_m,https://www.sec.gov/Archives/edgar/data/1051470/000105147023000156/q32023earningsrelease.htm,"Segment site rental revenues | 1,074 | 503 | 1,577 | 1,084 [Towers col]"
2023Q4,CCI,towers_site_rental_revenues_usd_m,1079.0,usd_m,https://www.sec.gov/Archives/edgar/data/1051470/000105147024000030/q42023earningsrelease.htm,"Segment site rental revenues | 1,079 | 524 | 1,603 | 1,086 [Towers col, 3M]"
2024Q1,CCI,towers_site_rental_revenues_usd_m,1068.0,usd_m,https://www.sec.gov/Archives/edgar/data/1051470/000105147024000133/q12024earningsrelease.htm,"Segment site rental revenues | 1,068 | 520 | 1,588 | 1,081 [Towers col]"
2024Q2,CCI,towers_site_rental_revenues_usd_m,1064.0,usd_m,https://www.sec.gov/Archives/edgar/data/1051470/000105147024000180/q22024earningsrelease.htm,"Total site rental revenues | 1,064 | 1,080 [Towers Segment Components table]"
2024Q3,CCI,towers_site_rental_revenues_usd_m,1063.0,usd_m,https://www.sec.gov/Archives/edgar/data/1051470/000105147024000206/q32024earningsrelease.htm,"Total site rental revenues | 1,063 | 1,074 [Towers Segment Components table]"
2024Q4,CCI,towers_site_rental_revenues_usd_m,1070.0,usd_m,https://www.sec.gov/Archives/edgar/data/1051470/000105147025000085/q42024earningsreleaseversi.htm,"Total site rental revenues | 1,070 | 1,079 | 4,266 | 4,313 [Towers Segment table, Q4 col]"
2025Q1,CCI,towers_site_rental_revenues_usd_m,1011.0,usd_m,https://www.sec.gov/Archives/edgar/data/1051470/000105147025000124/q12025earningsrelease.htm,"Site rental revenues (a) | $1,011 | $1,068 | $(57) | (5)% [Towers-only cont. ops; Fiber disc. ops]"
2025Q2,CCI,towers_site_rental_revenues_usd_m,1008.0,usd_m,https://www.sec.gov/Archives/edgar/data/1051470/000105147025000159/q22025earningsrelease.htm,"Site rental revenues (a) | $1,008 | $1,064 | $(56) | (5)% [Towers-only cont. ops]"
2025Q3,CCI,towers_site_rental_revenues_usd_m,1012.0,usd_m,https://www.sec.gov/Archives/edgar/data/1051470/000105147025000185/q32025earningsrelease.htm,"Site rental revenues (a) | $1,012 | $1,066 | $(54) | (5)% [Towers-only cont. ops]"
2025Q4,CCI,towers_site_rental_revenues_usd_m,1019.0,usd_m,https://www.sec.gov/Archives/edgar/data/1051470/000105147026000008/q42025earningsrelease.htm,"Total site rental revenues | 1,019 | 1,070 | 4,049 | 4,268 [Q4 col; Towers-only cont. ops]"
2026Q1,CCI,towers_site_rental_revenues_usd_m,961.0,usd_m,https://www.sec.gov/Archives/edgar/data/1051470/000105147026000046/q12026earningsrelease.htm,"Site rental revenues (a) | $961 | $1,011 | $(50) | (5)% [Towers-only cont. ops]"
2026Q2,CCI,towers_site_rental_revenues_usd_m,967.0,usd_m,https://www.sec.gov/Archives/edgar/data/1051470/000105147026000069/q22026earningsrelease.htm,"Site rental revenues (a) | $967 | $1,008 | $(41) | (4)% [Towers only; fiber sale closed May 2026]"
2015Q1,SBAC,domestic_site_leasing_revenue,305.95,usd_m,https://www.sec.gov/Archives/edgar/data/1034054/000119312515144553/d914887dex991.htm,"[segment table, three months, $000s] Domestic Site Leasing Segment revenue $ 305,950"
2015Q2,SBAC,domestic_site_leasing_revenue,307.361,usd_m,https://www.sec.gov/Archives/edgar/data/1034054/000119312515268661/d76970dex991.htm,"[segment table, three months, $000s] Domestic Site Leasing Segment revenue $ 307,361"
2015Q3,SBAC,domestic_site_leasing_revenue,313.131,usd_m,https://www.sec.gov/Archives/edgar/data/1034054/000119312515366490/d23522dex991.htm,"[segment table, three months, $000s] Domestic Site Leasing Segment revenue $ 313,131"
2015Q4,SBAC,domestic_site_leasing_revenue,310.316,usd_m,https://www.sec.gov/Archives/edgar/data/1034054/000119312516478323/d149365dex991.htm,"[segment table, three months, $000s] Domestic Site Leasing Segment revenue $ 310,316"
2016Q1,SBAC,domestic_site_leasing_revenue,315.23,usd_m,https://www.sec.gov/Archives/edgar/data/1034054/000119312516572663/d164030dex991.htm,"[segment table, three months, $000s] Domestic Site Leasing Segment revenue $ 315,230"
2016Q2,SBAC,domestic_site_leasing_revenue,316.8,usd_m,https://www.sec.gov/Archives/edgar/data/1034054/000119312516662346/d388864dex991.htm,Domestic site leasing revenue and International site leasing revenue were $316.8 million and $65.0 million
2016Q3,SBAC,domestic_site_leasing_revenue,319.1,usd_m,https://www.sec.gov/Archives/edgar/data/1034054/000119312516755348/d277134dex991.htm,Domestic site leasing revenue and International site leasing revenue were $319.1 million and $69.1 million
2016Q4,SBAC,domestic_site_leasing_revenue,322.7,usd_m,https://www.sec.gov/Archives/edgar/data/1034054/000119312517058954/d345332dex991.htm,domestic site leasing revenue of $322.7 million and international site leasing revenue of $70.9 million
2017Q1,SBAC,domestic_site_leasing_revenue,321.1,usd_m,https://www.sec.gov/Archives/edgar/data/1034054/000119312517151850/d371822dex991.htm,domestic site leasing revenue of $321.1 million and international site leasing revenue of $76.4 million
2017Q2,SBAC,domestic_site_leasing_revenue,325.3,usd_m,https://www.sec.gov/Archives/edgar/data/1034054/000119312517242391/d432645dex991.htm,domestic site leasing revenue of $325.3 million and international site leasing revenue of $77.7 million
2017Q3,SBAC,domestic_site_leasing_revenue,328.4,usd_m,https://www.sec.gov/Archives/edgar/data/1034054/000119312517324958/d477152dex991.htm,domestic site leasing revenue of $328.4 million and international site leasing revenue of $80.1 million
2017Q4,SBAC,domestic_site_leasing_revenue,333.5,usd_m,https://www.sec.gov/Archives/edgar/data/1034054/000119312518058493/d529804dex991.htm,domestic site leasing revenue of $333.5 million and international site leasing revenue of $80.5 million
2018Q1,SBAC,domestic_site_leasing_revenue,341.7,usd_m,https://www.sec.gov/Archives/edgar/data/1034054/000119312518143220/d579468dex991.htm,domestic site leasing revenue of $341.7 million and international site leasing revenue of $88.8 million
2018Q2,SBAC,domestic_site_leasing_revenue,346.7,usd_m,https://www.sec.gov/Archives/edgar/data/1034054/000119312518231494/d585243dex991.htm,domestic site leasing revenue of $346.7 million and international site leasing revenue of $83.2 million
2018Q3,SBAC,domestic_site_leasing_revenue,353.5,usd_m,https://www.sec.gov/Archives/edgar/data/1034054/000119312518318434/d641050dex991.htm,domestic site leasing revenue of $353.5 million and international site leasing revenue of $81.8 million
2018Q4,SBAC,domestic_site_leasing_revenue,358.2,usd_m,https://www.sec.gov/Archives/edgar/data/1034054/000119312519047020/d712252dex991.htm,domestic site leasing revenue of $358.2 million and international site leasing revenue of $86.5 million
2019Q1,SBAC,domestic_site_leasing_revenue,362.8,usd_m,https://www.sec.gov/Archives/edgar/data/1034054/000119312519125229/d682325dex991.htm,domestic site leasing revenue of $362.8 million and international site leasing revenue of $89.3 million
2019Q2,SBAC,domestic_site_leasing_revenue,369.2,usd_m,https://www.sec.gov/Archives/edgar/data/1034054/000119312519205448/d766315dex991.htm,domestic site leasing revenue of $369.2 million and international site leasing revenue of $89.8 million
2019Q3,SBAC,domestic_site_leasing_revenue,374.7,usd_m,https://www.sec.gov/Archives/edgar/data/1034054/000119312519276205/d667448dex991.htm,domestic site leasing revenue of $374.7 million and international site leasing revenue of $93.9 million
2019Q4,SBAC,domestic_site_leasing_revenue,380.4,usd_m,https://www.sec.gov/Archives/edgar/data/1034054/000119312520043511/d876462dex991.htm,domestic site leasing revenue of $380.4 million and international site leasing revenue of $100.7 million
2020Q1,SBAC,domestic_site_leasing_revenue,386.3,usd_m,https://www.sec.gov/Archives/edgar/data/1034054/000119312520133742/d926741dex991.htm,domestic site leasing revenue of $386.3 million and international site leasing revenue of $106.0 million
2020Q2,SBAC,domestic_site_leasing_revenue,388.0,usd_m,https://www.sec.gov/Archives/edgar/data/1034054/000119312520208085/d47475dex991.htm,domestic site leasing revenue of $388.0 million and international site leasing revenue of $94.4 million
2020Q3,SBAC,domestic_site_leasing_revenue,391.0,usd_m,https://www.sec.gov/Archives/edgar/data/1034054/000119312520283965/d11393dex991.htm,domestic site leasing revenue of $391.0 million and international site leasing revenue of $95.8 million
2020Q4,SBAC,domestic_site_leasing_revenue,393.0,usd_m,https://www.sec.gov/Archives/edgar/data/1034054/000119312521050767/d79203dex991.htm,domestic site leasing revenue of $393.0 million and international site leasing revenue of $100.0 million
2021Q1,SBAC,domestic_site_leasing_revenue,403.6,usd_m,https://www.sec.gov/Archives/edgar/data/1034054/000119312521131536/d131167dex991.htm,domestic site leasing revenue of $403.6 million and international site leasing revenue of $101.5 million
2021Q2,SBAC,domestic_site_leasing_revenue,418.8,usd_m,https://www.sec.gov/Archives/edgar/data/1034054/000119312521233229/d214114dex991.htm,domestic site leasing revenue of $418.8 million and international site leasing revenue of $105.3 million
2021Q3,SBAC,domestic_site_leasing_revenue,426.8,usd_m,https://www.sec.gov/Archives/edgar/data/1034054/000119312521315417/d251799dex991.htm,domestic site leasing revenue of $426.8 million and international site leasing revenue of $108.7 million
2021Q4,SBAC,domestic_site_leasing_revenue,432.2,usd_m,https://www.sec.gov/Archives/edgar/data/1034054/000119312522057959/d187289dex991.htm,domestic site leasing revenue of $432.2 million and international site leasing revenue of $107.2 million
2022Q1,SBAC,domestic_site_leasing_revenue,433.0,usd_m,https://www.sec.gov/Archives/edgar/data/1034054/000119312522117571/d397141dex991.htm,domestic site leasing revenue of $433.0 million and international site leasing revenue of $126.4 million
2022Q2,SBAC,domestic_site_leasing_revenue,442.1,usd_m,https://www.sec.gov/Archives/edgar/data/1034054/000119312522208666/d356895dex991.htm,domestic site leasing revenue of $442.1 million and international site leasing revenue of $138.1 million
2022Q3,SBAC,domestic_site_leasing_revenue,449.6,usd_m,https://www.sec.gov/Archives/edgar/data/1034054/000119312522273903/d408744dex991.htm,domestic site leasing revenue of $449.6 million and international site leasing revenue of $137.7 million
2022Q4,SBAC,domestic_site_leasing_revenue,452.9,usd_m,https://www.sec.gov/Archives/edgar/data/1034054/000119312523043475/d459663dex991.htm,domestic site leasing revenue of $452.9 million and international site leasing revenue of $156.7 million
2023Q1,SBAC,domestic_site_leasing_revenue,454.8,usd_m,https://www.sec.gov/Archives/edgar/data/1034054/000119312523130434/d459940dex991.htm,domestic site leasing revenue of $454.8 million and international site leasing revenue of $162.4 million
2023Q2,SBAC,domestic_site_leasing_revenue,456.8,usd_m,https://www.sec.gov/Archives/edgar/data/1034054/000119312523199109/d505105dex991.htm,domestic site leasing revenue of $456.8 million and international site leasing revenue of $169.4 million
2023Q3,SBAC,domestic_site_leasing_revenue,468.4,usd_m,https://www.sec.gov/Archives/edgar/data/1034054/000119312523269367/d450780dex991.htm,domestic site leasing revenue of $468.4 million and international site leasing revenue of $169.1 million
2023Q4,SBAC,domestic_site_leasing_revenue,466.6,usd_m,https://www.sec.gov/Archives/edgar/data/1034054/000119312524046183/d764571dex991.htm,domestic site leasing revenue of $466.6 million and international site leasing revenue of $169.5 million
2024Q1,SBAC,domestic_site_leasing_revenue,461.5,usd_m,https://www.sec.gov/Archives/edgar/data/1034054/000119312524122368/d739171dex991.htm,domestic site leasing revenue of $461.5 million and international site leasing revenue of $166.8 million
2024Q2,SBAC,domestic_site_leasing_revenue,463.2,usd_m,https://www.sec.gov/Archives/edgar/data/1034054/000119312524187567/d859348dex991.htm,domestic site leasing revenue of $463.2 million and international site leasing revenue of $163.3 million
2024Q3,SBAC,domestic_site_leasing_revenue,464.9,usd_m,https://www.sec.gov/Archives/edgar/data/1034054/000119312524245518/d895243dex991.htm,domestic site leasing revenue of $464.9 million and international site leasing revenue of $160.8 million
2024Q4,SBAC,domestic_site_leasing_revenue,471.8,usd_m,https://www.sec.gov/Archives/edgar/data/1034054/000119312525033399/d830235dex991.htm,"[segment summary, Q4 2024 vs Q4 2023, $ in millions] Domestic site leasing revenue $ 471.8 $ 466.6"
2025Q1,SBAC,domestic_site_leasing_revenue,461.0,usd_m,https://www.sec.gov/Archives/edgar/data/1034054/000119312525100556/d788453dex991.htm,"[segment summary, Q1 2025 vs Q1 2024, $ in millions] Domestic site leasing revenue $ 461.0 $ 461.5"
2025Q2,SBAC,domestic_site_leasing_revenue,469.8,usd_m,https://www.sec.gov/Archives/edgar/data/1034054/000119312525172604/d36808dex991.htm,"[segment summary, Q2 2025 vs Q2 2024, $ in millions] Domestic site leasing revenue $ 469.8 $ 463.2"
2025Q3,SBAC,domestic_site_leasing_revenue,470.2,usd_m,https://www.sec.gov/Archives/edgar/data/1034054/000119312525262644/d94208dex991.htm,"[segment summary, Q3 2025 vs Q3 2024, $ in millions] Domestic site leasing revenue $ 470.2 $ 464.9"
2025Q4,SBAC,domestic_site_leasing_revenue,464.5,usd_m,https://www.sec.gov/Archives/edgar/data/1034054/000119312526076767/d106126dex991.htm,"[segment summary, Q4 2025 vs Q4 2024, $ in millions] Domestic site leasing revenue $ 464.5 $ 471.8"
2026Q1,SBAC,domestic_site_leasing_revenue,450.3,usd_m,https://www.sec.gov/Archives/edgar/data/1034054/000119312526191545/d49075dex991.htm,"[segment summary, Q1 2026 vs Q1 2025, $ in millions] Domestic site leasing revenue $ 450.3 $ 461.0"
2026Q2,SBAC,domestic_site_leasing_revenue,452.5,usd_m,https://www.sec.gov/Archives/edgar/data/1034054/000119312526330639/d154311dex991.htm,"[segment summary, Q2 2026 vs Q2 2025, $ in millions] Domestic site leasing revenue $ 452.5 $ 469.8"
2015Q1,SBAC,towers_built,107.0,towers,https://www.sec.gov/Archives/edgar/data/1034054/000119312515144553/d914887dex991.htm,SBA also built 107 towers during the first quarter of 2015
2015Q2,SBAC,towers_built,117.0,towers,https://www.sec.gov/Archives/edgar/data/1034054/000119312515268661/d76970dex991.htm,SBA also built 117 towers during the second quarter of 2015
2015Q3,SBAC,towers_built,127.0,towers,https://www.sec.gov/Archives/edgar/data/1034054/000119312515366490/d23522dex991.htm,SBA also built 127 towers during the third quarter of 2015
2015Q4,SBAC,towers_built,100.0,towers,https://www.sec.gov/Archives/edgar/data/1034054/000119312516478323/d149365dex991.htm,SBA also built 100 towers during the fourth quarter of 2015
2016Q1,SBAC,towers_built,71.0,towers,https://www.sec.gov/Archives/edgar/data/1034054/000119312516572663/d164030dex991.htm,SBA also built 71 towers during the first quarter of 2016
2016Q2,SBAC,towers_built,90.0,towers,https://www.sec.gov/Archives/edgar/data/1034054/000119312516662346/d388864dex991.htm,SBA also built 90 towers during the second quarter of 2016
2016Q3,SBAC,towers_built,93.0,towers,https://www.sec.gov/Archives/edgar/data/1034054/000119312516755348/d277134dex991.htm,SBA also built 93 towers during the third quarter of 2016
2016Q4,SBAC,towers_built,118.0,towers,https://www.sec.gov/Archives/edgar/data/1034054/000119312517058954/d345332dex991.htm,SBA also built 118 towers during the fourth quarter of 2016
2017Q1,SBAC,towers_built,58.0,towers,https://www.sec.gov/Archives/edgar/data/1034054/000119312517151850/d371822dex991.htm,SBA also built 58 towers during the first quarter of 2017
2017Q2,SBAC,towers_built,96.0,towers,https://www.sec.gov/Archives/edgar/data/1034054/000119312517242391/d432645dex991.htm,SBA also built 96 towers during the second quarter of 2017
2017Q3,SBAC,towers_built,134.0,towers,https://www.sec.gov/Archives/edgar/data/1034054/000119312517324958/d477152dex991.htm,SBA also built 134 towers during the third quarter of 2017
2017Q4,SBAC,towers_built,176.0,towers,https://www.sec.gov/Archives/edgar/data/1034054/000119312518058493/d529804dex991.htm,SBA also built 176 towers during the fourth quarter of 2017
2018Q1,SBAC,towers_built,67.0,towers,https://www.sec.gov/Archives/edgar/data/1034054/000119312518143220/d579468dex991.htm,SBA also built 67 towers during the first quarter of 2018
2018Q2,SBAC,towers_built,87.0,towers,https://www.sec.gov/Archives/edgar/data/1034054/000119312518231494/d585243dex991.htm,SBA also built 87 towers during the second quarter of 2018
2018Q3,SBAC,towers_built,90.0,towers,https://www.sec.gov/Archives/edgar/data/1034054/000119312518318434/d641050dex991.htm,SBA also built 90 towers during the third quarter of 2018
2018Q4,SBAC,towers_built,169.0,towers,https://www.sec.gov/Archives/edgar/data/1034054/000119312519047020/d712252dex991.htm,SBA also built 169 towers during the fourth quarter of 2018
2019Q1,SBAC,towers_built,72.0,towers,https://www.sec.gov/Archives/edgar/data/1034054/000119312519125229/d682325dex991.htm,SBA also built 72 towers during the first quarter of 2019
2019Q2,SBAC,towers_built,87.0,towers,https://www.sec.gov/Archives/edgar/data/1034054/000119312519205448/d766315dex991.htm,SBA also built 87 towers during the second quarter of 2019
2019Q3,SBAC,towers_built,98.0,towers,https://www.sec.gov/Archives/edgar/data/1034054/000119312519276205/d667448dex991.htm,SBA also built 98 towers during the third quarter of 2019
2019Q4,SBAC,towers_built,170.0,towers,https://www.sec.gov/Archives/edgar/data/1034054/000119312520043511/d876462dex991.htm,SBA also built 170 towers during the fourth quarter of 2019
2020Q1,SBAC,towers_built,49.0,towers,https://www.sec.gov/Archives/edgar/data/1034054/000119312520133742/d926741dex991.htm,SBA also built 49 towers during the first quarter of 2020
2020Q2,SBAC,towers_built,79.0,towers,https://www.sec.gov/Archives/edgar/data/1034054/000119312520208085/d47475dex991.htm,SBA also built 79 towers during the second quarter of 2020
2020Q3,SBAC,towers_built,75.0,towers,https://www.sec.gov/Archives/edgar/data/1034054/000119312520283965/d11393dex991.htm,SBA also built 75 towers during the third quarter of 2020
2020Q4,SBAC,towers_built,106.0,towers,https://www.sec.gov/Archives/edgar/data/1034054/000119312521050767/d79203dex991.htm,SBA also built 106 towers during the fourth quarter of 2020
2021Q1,SBAC,towers_built,62.0,towers,https://www.sec.gov/Archives/edgar/data/1034054/000119312521131536/d131167dex991.htm,SBA also built 62 towers during the first quarter of 2021
2021Q2,SBAC,towers_built,98.0,towers,https://www.sec.gov/Archives/edgar/data/1034054/000119312521233229/d214114dex991.htm,SBA also built 98 towers during the second quarter of 2021
2021Q3,SBAC,towers_built,87.0,towers,https://www.sec.gov/Archives/edgar/data/1034054/000119312521315417/d251799dex991.htm,SBA also built 87 towers during the third quarter of 2021
2021Q4,SBAC,towers_built,88.0,towers,https://www.sec.gov/Archives/edgar/data/1034054/000119312522057959/d187289dex991.htm,SBA also built 88 towers during the fourth quarter of 2021
2022Q1,SBAC,towers_built,86.0,towers,https://www.sec.gov/Archives/edgar/data/1034054/000119312522117571/d397141dex991.htm,SBA also built 86 towers during the first quarter of 2022
2022Q2,SBAC,towers_built,100.0,towers,https://www.sec.gov/Archives/edgar/data/1034054/000119312522208666/d356895dex991.htm,SBA also built 100 towers during the second quarter of 2022
2022Q3,SBAC,towers_built,113.0,towers,https://www.sec.gov/Archives/edgar/data/1034054/000119312522273903/d408744dex991.htm,SBA also built 113 towers during the third quarter of 2022
2022Q4,SBAC,towers_built,162.0,towers,https://www.sec.gov/Archives/edgar/data/1034054/000119312523043475/d459663dex991.htm,SBA also built 162 towers during the fourth quarter of 2022
2023Q1,SBAC,towers_built,52.0,towers,https://www.sec.gov/Archives/edgar/data/1034054/000119312523130434/d459940dex991.htm,SBA also built 52 towers during the first quarter of 2023
2023Q2,SBAC,towers_built,64.0,towers,https://www.sec.gov/Archives/edgar/data/1034054/000119312523199109/d505105dex991.htm,SBA also built 64 towers during the second quarter of 2023
2023Q3,SBAC,towers_built,86.0,towers,https://www.sec.gov/Archives/edgar/data/1034054/000119312523269367/d450780dex991.htm,SBA also built 86 towers during the third quarter of 2023
2023Q4,SBAC,towers_built,138.0,towers,https://www.sec.gov/Archives/edgar/data/1034054/000119312524046183/d764571dex991.htm,SBA also built 138 towers during the fourth quarter of 2023
2024Q1,SBAC,towers_built,76.0,towers,https://www.sec.gov/Archives/edgar/data/1034054/000119312524122368/d739171dex991.htm,SBA also built 76 towers during the first quarter of 2024
2024Q2,SBAC,towers_built,100.0,towers,https://www.sec.gov/Archives/edgar/data/1034054/000119312524187567/d859348dex991.htm,SBA also built 100 towers during the second quarter of 2024
2024Q3,SBAC,towers_built,147.0,towers,https://www.sec.gov/Archives/edgar/data/1034054/000119312524245518/d895243dex991.htm,SBA also built 147 towers during the third quarter of 2024
2024Q4,SBAC,towers_built,159.0,towers,https://www.sec.gov/Archives/edgar/data/1034054/000119312525033399/d830235dex991.htm,SBA also built 159 towers during the fourth quarter of 2024
2025Q1,SBAC,towers_built,67.0,towers,https://www.sec.gov/Archives/edgar/data/1034054/000119312525100556/d788453dex991.htm,SBA also built 67 towers during the first quarter of 2025
2025Q2,SBAC,towers_built,94.0,towers,https://www.sec.gov/Archives/edgar/data/1034054/000119312525172604/d36808dex991.htm,SBA also built 94 towers during the second quarter of 2025
2025Q3,SBAC,towers_built,151.0,towers,https://www.sec.gov/Archives/edgar/data/1034054/000119312525262644/d94208dex991.htm,SBA also built 151 towers during the third quarter of 2025
2025Q4,SBAC,towers_built,164.0,towers,https://www.sec.gov/Archives/edgar/data/1034054/000119312526076767/d106126dex991.htm,SBA also built 164 towers during the fourth quarter of 2025
2026Q1,SBAC,towers_built,80.0,towers,https://www.sec.gov/Archives/edgar/data/1034054/000119312526191545/d49075dex991.htm,SBA also built 80 towers during the first quarter of 2026
2026Q2,SBAC,towers_built,109.0,towers,https://www.sec.gov/Archives/edgar/data/1034054/000119312526330639/d154311dex991.htm,SBA also built 109 towers during the second quarter of 2026
2015Q1,SBAC,towers_built_us,36.0,towers,https://www.sec.gov/Archives/edgar/data/1034054/000119312515144553/d914887dex991.htm,"[portfolio table, cols Domestic/International/Total] Sites built during the first quarter 36 71 107"
2015Q2,SBAC,towers_built_us,45.0,towers,https://www.sec.gov/Archives/edgar/data/1034054/000119312515268661/d76970dex991.htm,"[portfolio table, cols Domestic/International/Total] Sites built during the second quarter 45 72 117"
2015Q3,SBAC,towers_built_us,35.0,towers,https://www.sec.gov/Archives/edgar/data/1034054/000119312515366490/d23522dex991.htm,"[portfolio table, cols Domestic/International/Total] Sites built during the third quarter 35 92 127"
2015Q4,SBAC,towers_built_us,22.0,towers,https://www.sec.gov/Archives/edgar/data/1034054/000119312516478323/d149365dex991.htm,"[portfolio table, cols Domestic/International/Total] Sites built during the fourth quarter 22 78 100"
2016Q1,SBAC,towers_built_us,10.0,towers,https://www.sec.gov/Archives/edgar/data/1034054/000119312516572663/d164030dex991.htm,"[portfolio table, cols Domestic/International/Total] Sites built during the first quarter 10 61 71"
2016Q2,SBAC,towers_built_us,15.0,towers,https://www.sec.gov/Archives/edgar/data/1034054/000119312516662346/d388864dex991.htm,"[portfolio table, cols Domestic/International/Total] Sites built during the second quarter 15 75 90"
2016Q3,SBAC,towers_built_us,8.0,towers,https://www.sec.gov/Archives/edgar/data/1034054/000119312516755348/d277134dex991.htm,"[portfolio table, cols Domestic/International/Total] Sites built during the third quarter 8 85 93"
2016Q4,SBAC,towers_built_us,12.0,towers,https://www.sec.gov/Archives/edgar/data/1034054/000119312517058954/d345332dex991.htm,"[portfolio table, cols Domestic/International/Total] Sites built during the fourth quarter 12 106 118"
2017Q1,SBAC,towers_built_us,11.0,towers,https://www.sec.gov/Archives/edgar/data/1034054/000119312517151850/d371822dex991.htm,"[portfolio table, cols Domestic/International/Total] Sites built during the first quarter 11 47 58"
2017Q2,SBAC,towers_built_us,14.0,towers,https://www.sec.gov/Archives/edgar/data/1034054/000119312517242391/d432645dex991.htm,"[portfolio table, cols Domestic/International/Total] Sites built during the second quarter 14 82 96"
2017Q3,SBAC,towers_built_us,15.0,towers,https://www.sec.gov/Archives/edgar/data/1034054/000119312517324958/d477152dex991.htm,"[portfolio table, cols Domestic/International/Total] Sites built during the third quarter 15 119 134"
2017Q4,SBAC,towers_built_us,12.0,towers,https://www.sec.gov/Archives/edgar/data/1034054/000119312518058493/d529804dex991.htm,"[portfolio table, cols Domestic/International/Total] Sites built during the fourth quarter 12 164 176"
2018Q1,SBAC,towers_built_us,5.0,towers,https://www.sec.gov/Archives/edgar/data/1034054/000119312518143220/d579468dex991.htm,"[portfolio table, cols Domestic/International/Total] Sites built during the first quarter 5 62 67"
2018Q2,SBAC,towers_built_us,15.0,towers,https://www.sec.gov/Archives/edgar/data/1034054/000119312518231494/d585243dex991.htm,"[portfolio table, cols Domestic/International/Total] Sites built during the second quarter 15 72 87"
2018Q3,SBAC,towers_built_us,7.0,towers,https://www.sec.gov/Archives/edgar/data/1034054/000119312518318434/d641050dex991.htm,"[portfolio table, cols Domestic/International/Total] Sites built during the third quarter 7 83 90"
2018Q4,SBAC,towers_built_us,3.0,towers,https://www.sec.gov/Archives/edgar/data/1034054/000119312519047020/d712252dex991.htm,"[portfolio table, cols Domestic/International/Total] Sites built during the fourth quarter 3 166 169"
2019Q1,SBAC,towers_built_us,7.0,towers,https://www.sec.gov/Archives/edgar/data/1034054/000119312519125229/d682325dex991.htm,"[portfolio table, cols Domestic/International/Total] Sites built during the first quarter 7 65 72"
2019Q2,SBAC,towers_built_us,7.0,towers,https://www.sec.gov/Archives/edgar/data/1034054/000119312519205448/d766315dex991.htm,"[portfolio table, cols Domestic/International/Total] Sites built during the second quarter 7 80 87"
2019Q3,SBAC,towers_built_us,4.0,towers,https://www.sec.gov/Archives/edgar/data/1034054/000119312519276205/d667448dex991.htm,"[portfolio table, cols Domestic/International/Total] Sites built during the third quarter 4 94 98"
2019Q4,SBAC,towers_built_us,7.0,towers,https://www.sec.gov/Archives/edgar/data/1034054/000119312520043511/d876462dex991.htm,"[portfolio table, cols Domestic/International/Total] Sites built during the fourth quarter 7 163 170"
2020Q1,SBAC,towers_built_us,4.0,towers,https://www.sec.gov/Archives/edgar/data/1034054/000119312520133742/d926741dex991.htm,"[portfolio table, cols Domestic/International/Total] Sites built during the first quarter 4 45 49"
2020Q2,SBAC,towers_built_us,6.0,towers,https://www.sec.gov/Archives/edgar/data/1034054/000119312520208085/d47475dex991.htm,"[portfolio table, cols Domestic/International/Total] Sites built during the second quarter 6 73 79"
2020Q3,SBAC,towers_built_us,0.0,towers,https://www.sec.gov/Archives/edgar/data/1034054/000119312520283965/d11393dex991.htm,"[portfolio table, cols Domestic/International/Total] Sites built during the third quarter — 75 75"
2020Q4,SBAC,towers_built_us,3.0,towers,https://www.sec.gov/Archives/edgar/data/1034054/000119312521050767/d79203dex991.htm,"[portfolio table, cols Domestic/International/Total] Sites built during the fourth quarter 3 103 106"
2021Q1,SBAC,towers_built_us,2.0,towers,https://www.sec.gov/Archives/edgar/data/1034054/000119312521131536/d131167dex991.htm,"[portfolio table, cols Domestic/International/Total] Sites built during the first quarter 2 60 62"
2021Q2,SBAC,towers_built_us,1.0,towers,https://www.sec.gov/Archives/edgar/data/1034054/000119312521233229/d214114dex991.htm,"[portfolio table, cols Domestic/International/Total] Sites built during the second quarter 1 97 98"
2021Q3,SBAC,towers_built_us,0.0,towers,https://www.sec.gov/Archives/edgar/data/1034054/000119312521315417/d251799dex991.htm,"[portfolio table, cols Domestic/International/Total] Sites built during the third quarter — 87 87"
2021Q4,SBAC,towers_built_us,5.0,towers,https://www.sec.gov/Archives/edgar/data/1034054/000119312522057959/d187289dex991.htm,"[portfolio table, cols Domestic/International/Total] Sites built during the fourth quarter 5 83 88"
2022Q1,SBAC,towers_built_us,1.0,towers,https://www.sec.gov/Archives/edgar/data/1034054/000119312522117571/d397141dex991.htm,"[portfolio table, cols Domestic/International/Total] Sites built during the first quarter 1 85 86"
2022Q2,SBAC,towers_built_us,2.0,towers,https://www.sec.gov/Archives/edgar/data/1034054/000119312522208666/d356895dex991.htm,"[portfolio table, cols Domestic/International/Total] Sites built during the second quarter 2 98 100"
2022Q3,SBAC,towers_built_us,1.0,towers,https://www.sec.gov/Archives/edgar/data/1034054/000119312522273903/d408744dex991.htm,"[portfolio table, cols Domestic/International/Total] Sites built during the third quarter 1 112 113"
2022Q4,SBAC,towers_built_us,7.0,towers,https://www.sec.gov/Archives/edgar/data/1034054/000119312523043475/d459663dex991.htm,"[portfolio table, cols Domestic/International/Total] Sites built during the fourth quarter 7 155 162"
2023Q1,SBAC,towers_built_us,3.0,towers,https://www.sec.gov/Archives/edgar/data/1034054/000119312523130434/d459940dex991.htm,"[portfolio table, cols Domestic/International/Total] Sites built during the first quarter 3 49 52"
2023Q2,SBAC,towers_built_us,2.0,towers,https://www.sec.gov/Archives/edgar/data/1034054/000119312523199109/d505105dex991.htm,"[portfolio table, cols Domestic/International/Total] Sites built during the second quarter 2 62 64"
2023Q3,SBAC,towers_built_us,3.0,towers,https://www.sec.gov/Archives/edgar/data/1034054/000119312523269367/d450780dex991.htm,"[portfolio table, cols Domestic/International/Total] Sites built during the third quarter 3 83 86"
2023Q4,SBAC,towers_built_us,3.0,towers,https://www.sec.gov/Archives/edgar/data/1034054/000119312524046183/d764571dex991.htm,"[portfolio table, cols Domestic/International/Total] Sites built during the fourth quarter 3 135 138"
2024Q1,SBAC,towers_built_us,6.0,towers,https://www.sec.gov/Archives/edgar/data/1034054/000119312524122368/d739171dex991.htm,"[portfolio table, cols Domestic/International/Total] Sites built during the first quarter 6 70 76"
2024Q2,SBAC,towers_built_us,5.0,towers,https://www.sec.gov/Archives/edgar/data/1034054/000119312524187567/d859348dex991.htm,"[portfolio table, cols Domestic/International/Total] Sites built during the second quarter 5 95 100"
2024Q3,SBAC,towers_built_us,9.0,towers,https://www.sec.gov/Archives/edgar/data/1034054/000119312524245518/d895243dex991.htm,"[portfolio table, cols Domestic/International/Total] Sites built during the third quarter 9 138 147"
2024Q4,SBAC,towers_built_us,8.0,towers,https://www.sec.gov/Archives/edgar/data/1034054/000119312525033399/d830235dex991.htm,"[portfolio table, cols Domestic/International/Total] Sites built during the fourth quarter 8 151 159"
2025Q1,SBAC,towers_built_us,2.0,towers,https://www.sec.gov/Archives/edgar/data/1034054/000119312525100556/d788453dex991.htm,"[portfolio table, cols Domestic/International/Total] Sites built during the first quarter 2 65 67"
2025Q2,SBAC,towers_built_us,10.0,towers,https://www.sec.gov/Archives/edgar/data/1034054/000119312525172604/d36808dex991.htm,"[portfolio table, cols Domestic/International/Total] Sites built during the second quarter 10 84 94"
2025Q3,SBAC,towers_built_us,5.0,towers,https://www.sec.gov/Archives/edgar/data/1034054/000119312525262644/d94208dex991.htm,"[portfolio table, cols Domestic/International/Total] Sites built during the third quarter 5 146 151"
2025Q4,SBAC,towers_built_us,9.0,towers,https://www.sec.gov/Archives/edgar/data/1034054/000119312526076767/d106126dex991.htm,"[portfolio table, cols Domestic/International/Total] Sites built during the fourth quarter 9 155 164"
2026Q1,SBAC,towers_built_us,5.0,towers,https://www.sec.gov/Archives/edgar/data/1034054/000119312526191545/d49075dex991.htm,"[portfolio table, cols Domestic/International/Total] Sites built during the first quarter 5 75 80"
2026Q2,SBAC,towers_built_us,10.0,towers,https://www.sec.gov/Archives/edgar/data/1034054/000119312526330639/d154311dex991.htm,"[portfolio table, cols Domestic/International/Total] Sites built during the second quarter 10 99 109"
